,Variable,Category,Wage_m,Wage_f,Wage_Avg,Wage_Diff,Sex,Count,Year
0,SEX,Female,52092.306,51585.36,51838.833,506.946,Male,550766,2008
1,SEX,Female,39951.928,40116.847,40034.388,-164.919,Female,424155,2008
0,EDU,BS,65344.181,60407.249,62875.715,4936.932,Male,117885,2008
1,EDU,BS,50577.08,47695.827,49136.454,2881.253,Female,98648,2008
2,EDU,CLG,46861.149,47145.982,47003.566,-284.833,Male,167669,2008
3,EDU,CLG,35441.751,35441.305,35441.528,0.446,Female,147045,2008
4,EDU,DR+,99853.334,95848.638,97850.986,4004.696,Male,23410,2008
5,EDU,DR+,77644.158,75526.326,76585.242,2117.832,Female,14089,2008
6,EDU,HSD,38770.38,39494.33,39132.355,-723.95,Male,147314,2008
7,EDU,HSD,29076.726,29603.844,29340.285,-527.118,Female,97567,2008
8,EDU,MS,79213.94,68607.211,73910.576,10606.729,Male,44175,2008
9,EDU,MS,63382.592,57774.304,60578.448,5608.288,Female,45366,2008
10,EDU,No_HS,31446.114,31360.241,31403.178,85.873,Male,50313,2008
11,EDU,No_HS,23819.237,24522.341,24170.789,-703.104,Female,21440,2008
0,JOB,ART,57692.475,51292.389,54492.432,6400.086,Male,38459,2008
1,JOB,ART,47685.959,43338.163,45512.061,4347.796,Female,67768,2008
2,JOB,BUS,74730.465,70943.428,72836.946,3787.037,Male,96211,2008
3,JOB,BUS,56787.526,54425.5,55606.513,2362.026,Female,74232,2008
4,JOB,HLC,86312.614,62828.133,74570.374,23484.481,Male,14489,2008
5,JOB,HLC,66923.952,52821.251,59872.602,14102.701,Female,40082,2008
6,JOB,MLT,43223.312,42126.868,42675.09,1096.444,Male,4172,2008
7,JOB,MLT,33501.073,33900.655,33700.864,-399.582,Female,531,2008
8,JOB,MTN,40181.518,41091.636,40636.577,-910.118,Male,95645,2008
9,JOB,MTN,32070.567,33775.735,32923.151,-1705.168,Female,3617,2008
10,JOB,PRD,39114.694,38355.339,38735.016,759.355,Male,53597,2008
11,JOB,PRD,27946.538,27445.384,27695.961,501.154,Female,19036,2008
12,JOB,SAL,48264.075,45227.894,46745.984,3036.181,Male,90953,2008
13,JOB,SAL,34806.981,33186.87,33996.926,1620.111,Female,144931,2008
14,JOB,SCI,71036.914,70488.372,70762.643,548.542,Male,51685,2008
15,JOB,SCI,58740.344,58587.232,58663.788,153.112,Female,16620,2008
16,JOB,SVC,35845.606,34399.259,35122.432,1446.347,Male,55544,2008
17,JOB,SVC,26062.434,25486.575,25774.505,575.859,Female,50056,2008
18,JOB,TRP,37175.167,37104.623,37139.895,70.544,Male,50011,2008
19,JOB,TRP,27644.945,27413.498,27529.222,231.447,Female,7282,2008
0,RACE,ASN,59657.606,55335.282,57496.444,4322.324,Male,25278,2008
1,RACE,ASN,50314.26,47922.393,49118.326,2391.867,Female,20607,2008
2,RACE,BLK,40493.402,42210.488,41351.945,-1717.086,Male,39533,2008
3,RACE,BLK,33998.779,35890.287,34944.533,-1891.508,Female,46903,2008
4,RACE,HSP/NTV,36731.799,40201.435,38466.617,-3469.636,Male,70954,2008
5,RACE,HSP/NTV,29393.634,32632.014,31012.824,-3238.38,Female,46193,2008
6,RACE,WHT/MIX,55362.644,54446.648,54904.646,915.996,Male,415001,2008
7,RACE,WHT/MIX,41693.033,41350.971,41522.002,342.062,Female,310452,2008
0,AGE,18-25,27562.436,28589.359,28075.898,-1026.923,Male,44644,2008
1,AGE,18-25,24226.613,26055.213,25140.913,-1828.6,Female,32544,2008
2,AGE,26-35,43876.194,45620.894,44748.544,-1744.7,Male,117815,2008
3,AGE,26-35,35524.599,37961.659,36743.129,-2437.06,Female,88829,2008
4,AGE,36-45,56347.905,56035.303,56191.604,312.602,Male,144429,2008
5,AGE,36-45,42433.151,42410.467,42421.809,22.684,Female,105315,2008
6,AGE,46-55,58307.724,57003.977,57655.85,1303.747,Male,150872,2008
7,AGE,46-55,43638.048,42778.753,43208.4,859.295,Female,123361,2008
8,AGE,56-70,57583.657,53489.49,55536.574,4094.167,Male,93006,2008
9,AGE,56-70,43275.951,41184.737,42230.344,2091.214,Female,74106,2008
0,SEX,Female,53928.349,53054.952,53491.65,873.397,Male,524932,2009
1,SEX,Female,41410.107,41450.517,41430.312,-40.41,Female,413556,2009
0,EDU,BS,68046.115,62694.798,65370.456,5351.317,Male,115341,2009
1,EDU,BS,52425.838,49301.869,50863.854,3123.969,Female,98674,2009
2,EDU,CLG,47076.439,47123.751,47100.095,-47.312,Male,159205,2009
3,EDU,CLG,35745.526,35901.398,35823.462,-155.872,Female,142262,2009
4,EDU,DR+,107061.442,102184.455,104622.948,4876.987,Male,23947,2009
5,EDU,DR+,81363.701,79392.048,80377.874,1971.653,Female,14443,2009
6,EDU,HSD,39035.985,39630.884,39333.434,-594.899,Male,137682,2009
7,EDU,HSD,29448.049,29714.616,29581.332,-266.567,Female,91794,2009
8,EDU,MS,82373.74,71437.492,76905.616,10936.248,Male,44450,2009
9,EDU,MS,66226.861,60356.153,63291.507,5870.708,Female,46933,2009
10,EDU,No_HS,30819.938,30047.549,30433.743,772.389,Male,44307,2009
11,EDU,No_HS,23768.45,23800.236,23784.343,-31.786,Female,19450,2009
0,JOB,ART,59981.188,53026.922,56504.055,6954.266,Male,37914,2009
1,JOB,ART,49835.42,44834.161,47334.79,5001.259,Female,67718,2009
2,JOB,BUS,77172.272,73101.778,75137.025,4070.494,Male,94277,2009
3,JOB,BUS,58645.944,56057.391,57351.668,2588.553,Female,73574,2009
4,JOB,HLC,94366.83,65514.454,79940.642,28852.376,Male,15089,2009
5,JOB,HLC,71024.876,54843.404,62934.14,16181.472,Female,40632,2009
6,JOB,MLT,45101.839,43818.587,44460.213,1283.252,Male,4160,2009
7,JOB,MLT,36223.836,35898.468,36061.152,325.368,Female,594,2009
8,JOB,MTN,41157.37,41925.807,41541.588,-768.437,Male,87137,2009
9,JOB,MTN,32574.115,33659.345,33116.73,-1085.23,Female,3403,2009
10,JOB,PRD,40032.45,39252.197,39642.324,780.253,Male,48903,2009
11,JOB,PRD,28652.019,28163.272,28407.646,488.747,Female,16855,2009
12,JOB,SAL,48995.408,45686.95,47341.179,3308.458,Male,87025,2009
13,JOB,SAL,35623.827,33881.893,34752.86,1741.934,Female,138211,2009
14,JOB,SCI,72950.18,72599.328,72774.754,350.852,Male,49417,2009
15,JOB,SCI,60773.843,60723.393,60748.618,50.45,Female,16291,2009
16,JOB,SVC,36544.809,34945.801,35745.305,1599.008,Male,55117,2009
17,JOB,SVC,26654.258,25919.114,26286.686,735.144,Female,49557,2009
18,JOB,TRP,37487.48,37298.279,37392.88,189.201,Male,45893,2009
19,JOB,TRP,27990.621,27695.217,27842.919,295.404,Female,6721,2009
0,RACE,ASN,61997.25,58119.982,60058.616,3877.268,Male,25046,2009
1,RACE,ASN,52170.964,49615.487,50893.226,2555.477,Female,20904,2009
2,RACE,BLK,41732.442,43520.783,42626.612,-1788.341,Male,37019,2009
3,RACE,BLK,35221.932,37263.992,36242.962,-2042.06,Female,45310,2009
4,RACE,HSP/NTV,38005.668,41050.285,39527.977,-3044.617,Male,67449,2009
5,RACE,HSP/NTV,29859.086,33429.4,31644.243,-3570.314,Female,45415,2009
6,RACE,WHT/MIX,57275.075,55940.768,56607.922,1334.307,Male,395418,2009
7,RACE,WHT/MIX,43278.177,42719.996,42999.087,558.181,Female,301927,2009
0,AGE,18-25,28299.052,29190.811,28744.932,-891.759,Male,39717,2009
1,AGE,18-25,24952.872,26456.785,25704.828,-1503.913,Female,30256,2009
2,AGE,26-35,44919.761,46564.734,45742.248,-1644.973,Male,111857,2009
3,AGE,26-35,36432.252,38860.018,37646.135,-2427.766,Female,87219,2009
4,AGE,36-45,58164.922,57822.413,57993.667,342.509,Male,134879,2009
5,AGE,36-45,44035.206,43961.437,43998.322,73.769,Female,100480,2009
6,AGE,46-55,60501.808,58782.319,59642.064,1719.489,Male,144638,2009
7,AGE,46-55,44795.879,44170.471,44483.175,625.408,Female,120164,2009
8,AGE,56-70,59292.696,54656.897,56974.796,4635.799,Male,93841,2009
9,AGE,56-70,45317.334,42782.134,44049.734,2535.2,Female,75437,2009
0,SEX,Female,54675.495,53746.751,54211.123,928.744,Male,510249,2010
1,SEX,Female,42121.911,41992.627,42057.269,129.284,Female,407065,2010
0,EDU,BS,68239.299,63224.55,65731.924,5014.749,Male,113778,2010
1,EDU,BS,52507.178,49541.966,51024.572,2965.212,Female,98901,2010
2,EDU,CLG,47161.435,47354.79,47258.112,-193.355,Male,152321,2010
3,EDU,CLG,36196.526,36106.333,36151.43,90.193,Female,137594,2010
4,EDU,DR+,111472.516,106227.323,108849.92,5245.193,Male,24512,2010
5,EDU,DR+,83854.262,81309.751,82582.006,2544.511,Female,14892,2010
6,EDU,HSD,38943.755,39337.492,39140.624,-393.737,Male,132925,2010
7,EDU,HSD,29825.351,29849.716,29837.533,-24.365,Female,89057,2010
8,EDU,MS,84316.725,72289.243,78302.984,12027.482,Male,44469,2010
9,EDU,MS,66861.861,60743.03,63802.446,6118.831,Female,47855,2010
10,EDU,No_HS,30579.853,30112.799,30346.326,467.054,Male,42244,2010
11,EDU,No_HS,23950.376,23975.038,23962.707,-24.662,Female,18766,2010
0,JOB,ART,61560.849,54162.713,57861.781,7398.136,Male,38199,2010
1,JOB,ART,50650.254,45426.799,48038.526,5223.455,Female,68028,2010
2,JOB,BUS,78970.609,74622.129,76796.369,4348.48,Male,92582,2010
3,JOB,BUS,59512.511,56818.61,58165.56,2693.901,Female,73019,2010
4,JOB,HLC,98899.536,67466.573,83183.054,31432.963,Male,15413,2010
5,JOB,HLC,73732.592,56254.299,64993.446,17478.293,Female,41183,2010
6,JOB,MLT,45032.335,44807.722,44920.028,224.613,Male,3928,2010
7,JOB,MLT,36826.9,37512.567,37169.734,-685.667,Female,530,2010
8,JOB,MTN,41316.251,42048.066,41682.158,-731.815,Male,81031,2010
9,JOB,MTN,33999.007,35270.066,34634.536,-1271.059,Female,3239,2010
10,JOB,PRD,39842.696,38908.243,39375.47,934.453,Male,46445,2010
11,JOB,PRD,28747.952,28180.621,28464.287,567.331,Female,16078,2010
12,JOB,SAL,48836.544,45570.25,47203.397,3266.294,Male,84704,2010
13,JOB,SAL,35561.059,33987.137,34774.098,1573.922,Female,132711,2010
14,JOB,SCI,73919.126,73465.122,73692.124,454.004,Male,47280,2010
15,JOB,SCI,61188.53,61147.763,61168.146,40.767,Female,15392,2010
16,JOB,SVC,36453.528,34882.822,35668.175,1570.706,Male,55566,2010
17,JOB,SVC,26790.212,26027.765,26408.988,762.447,Female,49898,2010
18,JOB,TRP,37217.726,37496.884,37357.305,-279.158,Male,45101,2010
19,JOB,TRP,28448.044,28664.596,28556.32,-216.552,Female,6987,2010
0,RACE,ASN,63259.204,58818.058,61038.631,4441.146,Male,25398,2010
1,RACE,ASN,53097.474,50506.581,51802.028,2590.893,Female,21378,2010
2,RACE,BLK,42216.271,43936.748,43076.51,-1720.477,Male,36589,2010
3,RACE,BLK,35880.353,37601.648,36741.0,-1721.295,Female,44476,2010
4,RACE,HSP/NTV,38130.245,41627.687,39878.966,-3497.442,Male,67406,2010
5,RACE,HSP/NTV,30591.846,34084.028,32337.937,-3492.182,Female,46318,2010
6,RACE,WHT/MIX,58228.309,56762.17,57495.239,1466.139,Male,380856,2010
7,RACE,WHT/MIX,44030.272,43279.848,43655.06,750.424,Female,294893,2010
0,AGE,18-25,27649.071,28718.134,28183.602,-1069.063,Male,36181,2010
1,AGE,18-25,24804.616,26258.092,25531.354,-1453.476,Female,27886,2010
2,AGE,26-35,44429.91,46118.885,45274.398,-1688.975,Male,108755,2010
3,AGE,26-35,36637.695,39099.253,37868.474,-2461.558,Female,87107,2010
4,AGE,36-45,58636.186,58443.446,58539.816,192.74,Male,129363,2010
5,AGE,36-45,44317.112,44494.894,44406.003,-177.782,Female,97239,2010
6,AGE,46-55,61515.998,59785.706,60650.852,1730.292,Male,141451,2010
7,AGE,46-55,45741.66,44664.488,45203.074,1077.172,Female,117514,2010
8,AGE,56-70,61153.222,56282.022,58717.622,4871.2,Male,94499,2010
9,AGE,56-70,46640.456,43719.338,45179.897,2921.118,Female,77319,2010
0,SEX,Female,54387.753,53842.717,54115.235,545.036,Male,502318,2011
1,SEX,Female,42022.33,42211.616,42116.973,-189.286,Female,396717,2011
0,EDU,BS,68612.086,63641.852,66126.969,4970.234,Male,108019,2011
1,EDU,BS,52535.317,49888.258,51211.788,2647.059,Female,95118,2011
2,EDU,CLG,46732.959,47093.27,46913.114,-360.311,Male,149916,2011
3,EDU,CLG,36380.125,36281.72,36330.922,98.405,Female,133244,2011
4,EDU,DR+,113873.073,108298.438,111085.756,5574.635,Male,23958,2011
5,EDU,DR+,85997.56,82810.898,84404.229,3186.662,Female,14912,2011
6,EDU,HSD,38912.09,39566.57,39239.33,-654.48,Male,135041,2011
7,EDU,HSD,29958.677,29926.335,29942.506,32.342,Female,87560,2011
8,EDU,MS,84469.804,72050.387,78260.096,12419.417,Male,42904,2011
9,EDU,MS,66590.672,60745.172,63667.922,5845.5,Female,47057,2011
10,EDU,No_HS,30497.386,29856.035,30176.71,641.351,Male,42480,2011
11,EDU,No_HS,23936.252,24049.787,23993.02,-113.535,Female,18826,2011
0,JOB,ART,61886.831,54051.538,57969.184,7835.293,Male,37431,2011
1,JOB,ART,50740.908,45621.897,48181.402,5119.011,Female,65828,2011
2,JOB,BUS,79777.409,75590.021,77683.715,4187.388,Male,87604,2011
3,JOB,BUS,59927.453,57413.721,58670.587,2513.732,Female,70295,2011
4,JOB,HLC,99015.434,67417.66,83216.547,31597.774,Male,15099,2011
5,JOB,HLC,75988.443,56859.7,66424.071,19128.743,Female,40713,2011
6,JOB,MLT,41591.001,42429.733,42010.367,-838.732,Male,4291,2011
7,JOB,MLT,33242.291,34526.499,33884.395,-1284.208,Female,520,2011
8,JOB,MTN,41391.86,41825.789,41608.824,-433.929,Male,81563,2011
9,JOB,MTN,34105.453,35052.682,34579.068,-947.229,Female,3068,2011
10,JOB,PRD,39486.616,38809.51,39148.063,677.106,Male,48137,2011
11,JOB,PRD,29026.301,28520.068,28773.184,506.233,Female,16482,2011
12,JOB,SAL,48835.937,45781.56,47308.748,3054.377,Male,80925,2011
13,JOB,SAL,35705.034,34252.122,34978.578,1452.912,Female,127025,2011
14,JOB,SCI,74529.449,74688.429,74608.939,-158.98,Male,45321,2011
15,JOB,SCI,61481.886,62010.938,61746.412,-529.052,Female,14873,2011
16,JOB,SVC,36138.416,34668.242,35403.329,1470.174,Male,55939,2011
17,JOB,SVC,26609.776,25921.125,26265.45,688.651,Female,50955,2011
18,JOB,TRP,37232.314,37515.615,37373.964,-283.301,Male,46008,2011
19,JOB,TRP,28822.295,29103.535,28962.915,-281.24,Female,6958,2011
0,RACE,ASN,62550.809,57903.824,60227.316,4646.985,Male,24923,2011
1,RACE,ASN,53416.782,50812.126,52114.454,2604.656,Female,20635,2011
2,RACE,BLK,41357.373,43460.496,42408.934,-2103.123,Male,36722,2011
3,RACE,BLK,35491.114,37399.676,36445.395,-1908.562,Female,44188,2011
4,RACE,HSP/NTV,37734.47,41281.432,39507.951,-3546.962,Male,68129,2011
5,RACE,HSP/NTV,30645.678,34179.117,32412.398,-3533.439,Female,45830,2011
6,RACE,WHT/MIX,58171.534,57165.933,57668.734,1005.601,Male,372544,2011
7,RACE,WHT/MIX,43984.34,43621.398,43802.869,362.942,Female,286064,2011
0,AGE,18-25,27328.183,28425.682,27876.933,-1097.499,Male,36237,2011
1,AGE,18-25,24588.508,26200.685,25394.596,-1612.177,Female,26532,2011
2,AGE,26-35,43748.563,45494.036,44621.3,-1745.473,Male,106007,2011
3,AGE,26-35,35968.737,38591.633,37280.185,-2622.896,Female,82375,2011
4,AGE,36-45,58205.558,58520.494,58363.026,-314.936,Male,121970,2011
5,AGE,36-45,44419.029,44993.916,44706.472,-574.887,Female,91354,2011
6,AGE,46-55,61462.531,60162.32,60812.426,1300.211,Male,139737,2011
7,AGE,46-55,45781.959,44931.398,45356.678,850.561,Female,115453,2011
8,AGE,56-70,61037.545,56375.175,58706.36,4662.37,Male,98367,2011
9,AGE,56-70,46655.875,44122.865,45389.37,2533.01,Female,81003,2011
0,SEX,Female,54982.564,54772.671,54877.618,209.893,Male,513369,2012
1,SEX,Female,42732.276,43097.836,42915.056,-365.56,Female,402457,2012
0,EDU,BS,69176.99,64260.536,66718.763,4916.454,Male,112608,2012
1,EDU,BS,53766.638,50651.937,52209.288,3114.701,Female,99146,2012
2,EDU,CLG,47551.626,47800.867,47676.246,-249.241,Male,154465,2012
3,EDU,CLG,36789.596,36762.152,36775.874,27.444,Female,135050,2012
4,EDU,DR+,110155.0,105816.848,107985.924,4338.152,Male,23358,2012
5,EDU,DR+,85789.381,83253.038,84521.21,2536.343,Female,15123,2012
6,EDU,HSD,39739.028,40217.778,39978.403,-478.75,Male,135745,2012
7,EDU,HSD,30426.829,30519.678,30473.254,-92.849,Female,85778,2012
8,EDU,MS,84486.934,73373.882,78930.408,11113.052,Male,44893,2012
9,EDU,MS,67685.406,61718.387,64701.896,5967.019,Female,49140,2012
10,EDU,No_HS,31469.332,30806.886,31138.109,662.446,Male,42300,2012
11,EDU,No_HS,24288.606,24619.414,24454.01,-330.808,Female,18220,2012
0,JOB,ART,61296.21,54545.822,57921.016,6750.388,Male,37217,2012
1,JOB,ART,50862.811,46116.067,48489.439,4746.744,Female,65745,2012
2,JOB,BUS,79367.433,75945.989,77656.711,3421.444,Male,90459,2012
3,JOB,BUS,60757.721,58756.502,59757.112,2001.219,Female,72155,2012
4,JOB,HLC,96058.521,68273.637,82166.079,27784.884,Male,15182,2012
5,JOB,HLC,74988.442,57545.909,66267.176,17442.533,Female,41854,2012
6,JOB,MLT,42548.625,42828.136,42688.38,-279.511,Male,4405,2012
7,JOB,MLT,35537.439,36291.633,35914.536,-754.194,Female,524,2012
8,JOB,MTN,42225.9,42610.49,42418.195,-384.59,Male,83053,2012
9,JOB,MTN,34774.373,35892.21,35333.292,-1117.837,Female,3170,2012
10,JOB,PRD,40729.798,39973.036,40351.417,756.762,Male,48903,2012
11,JOB,PRD,29257.618,28959.495,29108.556,298.123,Female,16326,2012
12,JOB,SAL,49772.435,47024.654,48398.544,2747.781,Male,82349,2012
13,JOB,SAL,36465.016,35063.497,35764.256,1401.519,Female,128908,2012
14,JOB,SCI,76312.032,76590.296,76451.164,-278.264,Male,47312,2012
15,JOB,SCI,63566.165,63893.127,63729.646,-326.962,Female,15186,2012
16,JOB,SVC,36612.104,35151.09,35881.597,1461.014,Male,57074,2012
17,JOB,SVC,26993.624,26399.38,26696.502,594.244,Female,51309,2012
18,JOB,TRP,38431.21,38665.35,38548.28,-234.14,Male,47415,2012
19,JOB,TRP,29179.149,29486.676,29332.912,-307.527,Female,7280,2012
0,RACE,ASN,63106.669,58962.745,61034.707,4143.924,Male,26010,2012
1,RACE,ASN,54539.118,52071.231,53305.174,2467.887,Female,21451,2012
2,RACE,BLK,42236.636,44254.335,43245.485,-2017.699,Male,37229,2012
3,RACE,BLK,35804.622,38140.159,36972.39,-2335.537,Female,43942,2012
4,RACE,HSP/NTV,38567.766,42215.501,40391.634,-3647.735,Male,70798,2012
5,RACE,HSP/NTV,31075.694,34667.161,32871.427,-3591.467,Female,48656,2012
6,RACE,WHT/MIX,58740.078,58182.068,58461.073,558.01,Male,379332,2012
7,RACE,WHT/MIX,44778.179,44608.074,44693.126,170.105,Female,288408,2012
0,AGE,18-25,27820.748,28739.845,28280.296,-919.097,Male,37756,2012
1,AGE,18-25,24878.969,26276.368,25577.668,-1397.399,Female,26822,2012
2,AGE,26-35,44598.164,46251.168,45424.666,-1653.004,Male,109171,2012
3,AGE,26-35,36852.162,39477.964,38165.063,-2625.802,Female,84392,2012
4,AGE,36-45,58795.159,59410.147,59102.653,-614.988,Male,123583,2012
5,AGE,36-45,44926.535,45975.08,45450.808,-1048.545,Female,91837,2012
6,AGE,46-55,62004.382,61149.152,61576.767,855.23,Male,140149,2012
7,AGE,46-55,46623.645,45929.809,46276.727,693.836,Female,115502,2012
8,AGE,56-70,61836.077,57811.991,59824.034,4024.086,Male,102710,2012
9,AGE,56-70,47595.119,45068.391,46331.755,2526.728,Female,83904,2012
0,SEX,Female,55675.141,55740.348,55707.744,-65.207,Male,528594,2013
1,SEX,Female,43242.264,43981.851,43612.058,-739.587,Female,413077,2013
0,EDU,BS,69762.593,65094.424,67428.508,4668.169,Male,118156,2013
1,EDU,BS,54384.269,51309.754,52847.012,3074.515,Female,104284,2013
2,EDU,CLG,48218.792,48208.518,48213.655,10.274,Male,158785,2013
3,EDU,CLG,37391.482,37323.67,37357.576,67.812,Female,136624,2013
4,EDU,DR+,109131.249,104586.24,106858.744,4545.009,Male,24003,2013
5,EDU,DR+,84765.036,83032.083,83898.56,1732.953,Female,16303,2013
6,EDU,HSD,40212.228,41105.306,40658.767,-893.078,Male,137375,2013
7,EDU,HSD,30361.858,30984.899,30673.378,-623.041,Female,85027,2013
8,EDU,MS,84933.007,73985.038,79459.022,10947.969,Male,47289,2013
9,EDU,MS,68207.062,62323.174,65265.118,5883.888,Female,52293,2013
10,EDU,No_HS,31876.111,31342.511,31609.311,533.6,Male,42986,2013
11,EDU,No_HS,24741.731,25369.609,25055.67,-627.878,Female,18546,2013
0,JOB,ART,61331.774,55235.563,58283.668,6096.211,Male,38778,2013
1,JOB,ART,51368.233,46761.937,49065.085,4606.296,Female,67960,2013
2,JOB,BUS,79707.129,76644.543,78175.836,3062.586,Male,95314,2013
3,JOB,BUS,61870.589,59876.056,60873.322,1994.533,Female,77183,2013
4,JOB,HLC,95283.817,68775.388,82029.603,26508.429,Male,15429,2013
5,JOB,HLC,73196.712,58346.467,65771.59,14850.245,Female,42571,2013
6,JOB,MLT,44181.276,44414.024,44297.65,-232.748,Male,4227,2013
7,JOB,MLT,36219.568,37247.257,36733.412,-1027.689,Female,505,2013
8,JOB,MTN,42806.065,43088.57,42947.318,-282.505,Male,83599,2013
9,JOB,MTN,34359.662,35355.917,34857.79,-996.255,Female,3276,2013
10,JOB,PRD,40960.179,40321.179,40640.679,639.0,Male,50103,2013
11,JOB,PRD,29795.306,29508.791,29652.048,286.515,Female,16511,2013
12,JOB,SAL,50150.341,47812.666,48981.504,2337.675,Male,84271,2013
13,JOB,SAL,36815.779,35548.987,36182.383,1266.792,Female,129807,2013
14,JOB,SCI,77287.185,77768.831,77528.008,-481.646,Male,50908,2013
15,JOB,SCI,63360.006,63980.051,63670.028,-620.045,Female,16335,2013
16,JOB,SVC,36930.372,35561.06,36245.716,1369.312,Male,57977,2013
17,JOB,SVC,27441.169,26873.538,27157.354,567.631,Female,51850,2013
18,JOB,TRP,38853.23,39244.274,39048.752,-391.044,Male,47988,2013
19,JOB,TRP,29211.483,29636.796,29424.139,-425.313,Female,7079,2013
0,RACE,ASN,65314.717,61424.928,63369.822,3889.789,Male,27869,2013
1,RACE,ASN,56276.569,53511.89,54894.23,2764.679,Female,22886,2013
2,RACE,BLK,42805.101,45163.14,43984.121,-2358.039,Male,38045,2013
3,RACE,BLK,36479.942,38966.11,37723.026,-2486.168,Female,44269,2013
4,RACE,HSP/NTV,38980.517,42515.214,40747.866,-3534.697,Male,73666,2013
5,RACE,HSP/NTV,31202.649,35223.25,33212.95,-4020.601,Female,49213,2013
6,RACE,WHT/MIX,59404.625,59073.559,59239.092,331.066,Male,389014,2013
7,RACE,WHT/MIX,45249.724,45447.848,45348.786,-198.124,Female,296709,2013
0,AGE,18-25,28203.481,29113.181,28658.331,-909.7,Male,39166,2013
1,AGE,18-25,24837.234,26429.272,25633.253,-1592.038,Female,28048,2013
2,AGE,26-35,45366.642,47048.108,46207.375,-1681.466,Male,114744,2013
3,AGE,26-35,37284.685,40042.039,38663.362,-2757.354,Female,88356,2013
4,AGE,36-45,59435.849,60496.914,59966.382,-1061.065,Male,125825,2013
5,AGE,36-45,45636.6,47147.21,46391.905,-1510.61,Female,93372,2013
6,AGE,46-55,63092.175,62626.069,62859.122,466.106,Male,140783,2013
7,AGE,46-55,47596.248,47087.082,47341.665,509.166,Female,115129,2013
8,AGE,56-70,62535.221,58892.982,60714.102,3642.239,Male,108076,2013
9,AGE,56-70,47778.087,46106.82,46942.454,1671.267,Female,88172,2013
0,SEX,Female,55855.068,56268.721,56061.894,-413.653,Male,533636,2014
1,SEX,Female,43633.607,44629.035,44131.321,-995.428,Female,416644,2014
0,EDU,BS,70030.371,65429.375,67729.873,4600.996,Male,119250,2014
1,EDU,BS,55220.99,52275.56,53748.275,2945.43,Female,106510,2014
2,EDU,CLG,48662.765,48728.384,48695.574,-65.619,Male,160837,2014
3,EDU,CLG,37408.516,37457.289,37432.902,-48.773,Female,137441,2014
4,EDU,DR+,107334.623,103026.684,105180.654,4307.939,Male,23522,2014
5,EDU,DR+,85625.823,83813.332,84719.578,1812.491,Female,16740,2014
6,EDU,HSD,40553.483,41151.718,40852.6,-598.235,Male,139426,2014
7,EDU,HSD,30661.662,31151.784,30906.723,-490.122,Female,84248,2014
8,EDU,MS,85353.081,74982.817,80167.949,10370.264,Male,47423,2014
9,EDU,MS,69304.725,63256.558,66280.642,6048.167,Female,53470,2014
10,EDU,No_HS,32464.355,31637.875,32051.115,826.48,Male,43178,2014
11,EDU,No_HS,25636.329,25694.75,25665.54,-58.421,Female,18235,2014
0,JOB,ART,61441.42,56012.6,58727.01,5428.82,Male,38796,2014
1,JOB,ART,51650.098,47230.563,49440.33,4419.535,Female,69408,2014
2,JOB,BUS,79705.556,77050.187,78377.872,2655.369,Male,97050,2014
3,JOB,BUS,62026.931,60372.66,61199.796,1654.271,Female,79103,2014
4,JOB,HLC,91155.533,68088.863,79622.198,23066.67,Male,15994,2014
5,JOB,HLC,71863.725,57959.198,64911.462,13904.527,Female,45196,2014
6,JOB,MLT,43663.317,43969.805,43816.561,-306.488,Male,3887,2014
7,JOB,MLT,36867.522,37983.046,37425.284,-1115.524,Female,477,2014
8,JOB,MTN,42999.187,42859.877,42929.532,139.31,Male,84739,2014
9,JOB,MTN,34839.019,35374.873,35106.946,-535.854,Female,3257,2014
10,JOB,PRD,41373.418,40865.199,41119.308,508.219,Male,50783,2014
11,JOB,PRD,29929.136,29711.865,29820.501,217.271,Female,16548,2014
12,JOB,SAL,50564.01,48121.505,49342.758,2442.505,Male,83725,2014
13,JOB,SAL,37695.827,36317.019,37006.423,1378.808,Female,127050,2014
14,JOB,SCI,77851.375,78274.415,78062.895,-423.04,Male,51522,2014
15,JOB,SCI,64368.352,64988.99,64678.671,-620.638,Female,16744,2014
16,JOB,SVC,36948.963,35561.523,36255.243,1387.44,Male,58135,2014
17,JOB,SVC,27331.014,26722.932,27026.973,608.082,Female,51340,2014
18,JOB,TRP,39224.077,39497.298,39360.688,-273.221,Male,49005,2014
19,JOB,TRP,29277.98,29496.656,29387.318,-218.676,Female,7521,2014
0,RACE,ASN,66273.188,62075.856,64174.522,4197.332,Male,28478,2014
1,RACE,ASN,56875.716,54184.664,55530.19,2691.052,Female,23774,2014
2,RACE,BLK,42588.614,45279.659,43934.136,-2691.045,Male,39039,2014
3,RACE,BLK,36461.041,39230.598,37845.82,-2769.557,Female,45348,2014
4,RACE,HSP/NTV,39582.242,43410.531,41496.386,-3828.289,Male,76696,2014
5,RACE,HSP/NTV,31633.347,35606.388,33619.868,-3973.041,Female,51675,2014
6,RACE,WHT/MIX,59628.041,59732.404,59680.222,-104.363,Male,389423,2014
7,RACE,WHT/MIX,45747.691,46264.604,46006.148,-516.913,Female,295847,2014
0,AGE,18-25,28667.462,29343.718,29005.59,-676.256,Male,40807,2014
1,AGE,18-25,25497.42,26932.804,26215.112,-1435.384,Female,29254,2014
2,AGE,26-35,45463.964,47117.079,46290.522,-1653.115,Male,117246,2014
3,AGE,26-35,37714.032,40427.647,39070.84,-2713.615,Female,89809,2014
4,AGE,36-45,59945.05,61424.718,60684.884,-1479.668,Male,124709,2014
5,AGE,36-45,46593.78,48152.988,47373.384,-1559.208,Female,93618,2014
6,AGE,46-55,63228.263,63116.061,63172.162,112.202,Male,139098,2014
7,AGE,46-55,47543.135,47749.369,47646.252,-206.234,Female,113085,2014
8,AGE,56-70,62941.612,60147.97,61544.791,2793.642,Male,111776,2014
9,AGE,56-70,48296.166,46964.471,47630.318,1331.695,Female,90878,2014
0,SEX,Female,56670.298,57248.255,56959.276,-577.957,Male,544435,2015
1,SEX,Female,44430.856,45483.6,44957.228,-1052.744,Female,426097,2015
0,EDU,BS,70842.435,66244.564,68543.5,4597.871,Male,122739,2015
1,EDU,BS,55649.037,52979.318,54314.178,2669.719,Female,110534,2015
2,EDU,CLG,49317.64,49274.451,49296.046,43.189,Male,162898,2015
3,EDU,CLG,38055.088,38079.255,38067.172,-24.167,Female,138698,2015
4,EDU,DR+,107781.34,104421.238,106101.289,3360.102,Male,23435,2015
5,EDU,DR+,86700.347,85013.481,85856.914,1686.866,Female,17491,2015
6,EDU,HSD,41364.623,41773.037,41568.83,-408.414,Male,142566,2015
7,EDU,HSD,31932.119,31841.477,31886.798,90.642,Female,85478,2015
8,EDU,MS,86803.687,76648.48,81726.084,10155.207,Male,48599,2015
9,EDU,MS,70362.19,64212.145,67287.168,6150.045,Female,55202,2015
10,EDU,No_HS,33549.075,32550.997,33050.036,998.078,Male,44198,2015
11,EDU,No_HS,26166.771,26186.881,26176.826,-20.11,Female,18694,2015
0,JOB,ART,62266.643,56694.346,59480.494,5572.297,Male,38795,2015
1,JOB,ART,52556.334,48038.552,50297.443,4517.782,Female,70097,2015
2,JOB,BUS,80790.853,78556.841,79673.847,2234.012,Male,99256,2015
3,JOB,BUS,62683.324,61359.59,62021.457,1323.734,Female,82289,2015
4,JOB,HLC,89961.75,68618.168,79289.959,21343.582,Male,15694,2015
5,JOB,HLC,72702.032,59153.416,65927.724,13548.616,Female,46009,2015
6,JOB,MLT,43930.66,42200.904,43065.782,1729.756,Male,4011,2015
7,JOB,MLT,35600.677,35942.371,35771.524,-341.694,Female,573,2015
8,JOB,MTN,43888.688,43809.36,43849.024,79.328,Male,88129,2015
9,JOB,MTN,35717.144,36240.908,35979.026,-523.764,Female,3464,2015
10,JOB,PRD,42070.262,41226.959,41648.61,843.303,Male,51522,2015
11,JOB,PRD,30917.619,30523.47,30720.544,394.149,Female,16902,2015
12,JOB,SAL,50934.801,48917.075,49925.938,2017.726,Male,85427,2015
13,JOB,SAL,37905.408,36751.446,37328.427,1153.962,Female,128994,2015
14,JOB,SCI,79596.437,80477.144,80036.79,-880.707,Male,53240,2015
15,JOB,SCI,66068.698,67200.644,66634.671,-1131.946,Female,17413,2015
16,JOB,SVC,37611.11,36160.987,36886.049,1450.123,Male,57932,2015
17,JOB,SVC,27919.373,27252.143,27585.758,667.23,Female,52825,2015
18,JOB,TRP,40203.017,40296.41,40249.714,-93.393,Male,50429,2015
19,JOB,TRP,30371.261,30506.141,30438.701,-134.88,Female,7531,2015
0,RACE,ASN,67643.096,63896.377,65769.736,3746.719,Male,29521,2015
1,RACE,ASN,58019.096,55646.883,56832.989,2372.213,Female,24494,2015
2,RACE,BLK,43809.05,46457.941,45133.496,-2648.891,Male,39582,2015
3,RACE,BLK,37509.814,39807.13,38658.472,-2297.316,Female,46002,2015
4,RACE,HSP/NTV,40310.234,43981.951,42146.092,-3671.717,Male,80080,2015
5,RACE,HSP/NTV,32094.667,36053.908,34074.288,-3959.241,Female,54883,2015
6,RACE,WHT/MIX,60453.352,60778.577,60615.964,-325.225,Male,395252,2015
7,RACE,WHT/MIX,46608.434,47245.115,46926.774,-636.681,Female,300718,2015
0,AGE,18-25,29322.078,30048.153,29685.116,-726.075,Male,42966,2015
1,AGE,18-25,26073.218,27402.348,26737.783,-1329.13,Female,31066,2015
2,AGE,26-35,46674.104,48558.876,47616.49,-1884.772,Male,121169,2015
3,AGE,26-35,38439.775,41331.116,39885.446,-2891.341,Female,93058,2015
4,AGE,36-45,60863.084,62364.747,61613.916,-1501.663,Male,125653,2015
5,AGE,36-45,47542.854,49072.248,48307.551,-1529.394,Female,94489,2015
6,AGE,46-55,64172.693,64236.866,64204.78,-64.173,Male,138643,2015
7,AGE,46-55,48626.689,48805.456,48716.072,-178.767,Female,113386,2015
8,AGE,56-70,63732.825,61262.705,62497.765,2470.12,Male,116004,2015
9,AGE,56-70,49102.528,47953.304,48527.916,1149.224,Female,94098,2015
0,SEX,Female,57414.378,58037.26,57725.819,-622.882,Male,550616,2016
1,SEX,Female,45540.131,46588.821,46064.476,-1048.69,Female,434239,2016
0,EDU,BS,71781.534,67104.118,69442.826,4677.416,Male,126571,2016
1,EDU,BS,57478.028,54257.411,55867.72,3220.617,Female,114479,2016
2,EDU,CLG,50242.239,50099.77,50171.004,142.469,Male,164157,2016
3,EDU,CLG,38973.822,38785.975,38879.898,187.847,Female,139953,2016
4,EDU,DR+,104386.191,101656.742,103021.467,2729.449,Male,23184,2016
5,EDU,DR+,88162.474,86632.847,87397.66,1529.627,Female,17870,2016
6,EDU,HSD,41730.274,42059.469,41894.871,-329.195,Male,142130,2016
7,EDU,HSD,32254.001,32295.539,32274.77,-41.538,Female,85126,2016
8,EDU,MS,87993.474,77453.899,82723.687,10539.575,Male,50110,2016
9,EDU,MS,71513.408,65488.45,68500.929,6024.958,Female,57837,2016
10,EDU,No_HS,34176.713,33295.815,33736.264,880.898,Male,44464,2016
11,EDU,No_HS,26774.261,26676.543,26725.402,97.718,Female,18974,2016
0,JOB,ART,62487.425,57270.38,59878.902,5217.045,Male,39439,2016
1,JOB,ART,52474.195,48332.359,50403.277,4141.836,Female,72368,2016
2,JOB,BUS,81038.06,79194.179,80116.12,1843.881,Male,101135,2016
3,JOB,BUS,64871.821,63732.001,64301.911,1139.82,Female,84571,2016
4,JOB,HLC,84830.845,68141.605,76486.225,16689.24,Male,15728,2016
5,JOB,HLC,72942.934,60304.548,66623.741,12638.386,Female,47213,2016
6,JOB,MLT,44292.212,44775.931,44534.072,-483.719,Male,4067,2016
7,JOB,MLT,35730.807,36951.254,36341.03,-1220.447,Female,540,2016
8,JOB,MTN,44453.809,44407.008,44430.409,46.801,Male,88415,2016
9,JOB,MTN,37070.477,37608.636,37339.556,-538.159,Female,3478,2016
10,JOB,PRD,43121.323,42367.015,42744.169,754.308,Male,50296,2016
11,JOB,PRD,31322.546,30998.088,31160.317,324.458,Female,17023,2016
12,JOB,SAL,52181.096,50042.955,51112.026,2138.141,Male,85598,2016
13,JOB,SAL,38778.599,37582.544,38180.572,1196.055,Female,129593,2016
14,JOB,SCI,81505.495,82350.47,81927.982,-844.975,Male,55501,2016
15,JOB,SCI,67315.964,68233.744,67774.854,-917.78,Female,17843,2016
16,JOB,SVC,38166.834,36611.206,37389.02,1555.628,Male,59913,2016
17,JOB,SVC,28363.857,27689.369,28026.613,674.488,Female,53839,2016
18,JOB,TRP,40823.302,40825.006,40824.154,-1.704,Male,50524,2016
19,JOB,TRP,30567.595,30728.972,30648.284,-161.377,Female,7771,2016
0,RACE,ASN,69635.848,64964.0,67299.924,4671.848,Male,30478,2016
1,RACE,ASN,60631.925,57676.135,59154.03,2955.79,Female,25518,2016
2,RACE,BLK,44375.341,47404.331,45889.836,-3028.99,Male,40431,2016
3,RACE,BLK,38137.473,40495.836,39316.655,-2358.363,Female,46277,2016
4,RACE,HSP/NTV,41425.343,44992.167,43208.755,-3566.824,Male,82889,2016
5,RACE,HSP/NTV,32579.941,36895.79,34737.866,-4315.849,Female,57535,2016
6,RACE,WHT/MIX,61144.074,61532.902,61338.488,-388.828,Male,396818,2016
7,RACE,WHT/MIX,47842.411,48414.702,48128.556,-572.291,Female,304909,2016
0,AGE,18-25,30001.794,31022.689,30512.242,-1020.895,Male,43973,2016
1,AGE,18-25,26746.511,28137.997,27442.254,-1391.486,Female,32503,2016
2,AGE,26-35,47906.105,49590.974,48748.54,-1684.869,Male,123985,2016
3,AGE,26-35,39768.526,42547.732,41158.129,-2779.206,Female,96281,2016
4,AGE,36-45,61651.34,63407.021,62529.18,-1755.681,Male,125770,2016
5,AGE,36-45,48247.842,50268.738,49258.29,-2020.896,Female,95615,2016
6,AGE,46-55,65113.975,65261.429,65187.702,-147.454,Male,137521,2016
7,AGE,46-55,50225.315,50268.986,50247.15,-43.671,Female,112594,2016
8,AGE,56-70,64054.051,61784.905,62919.478,2269.146,Male,119367,2016
9,AGE,56-70,50207.621,48877.526,49542.574,1330.095,Female,97246,2016
0,SEX,Female,58753.402,59480.328,59116.865,-726.926,Male,566631,2017
1,SEX,Female,46538.606,47767.279,47152.943,-1228.673,Female,448684,2017
0,EDU,BS,73598.935,68876.762,71237.848,4722.173,Male,131096,2017
1,EDU,BS,58766.023,55438.957,57102.49,3327.066,Female,119710,2017
2,EDU,CLG,51157.052,50949.155,51053.104,207.897,Male,168186,2017
3,EDU,CLG,39457.01,39304.208,39380.609,152.802,Female,143012,2017
4,EDU,DR+,107056.914,104171.026,105613.97,2885.888,Male,24346,2017
5,EDU,DR+,89387.605,88036.017,88711.811,1351.588,Female,19251,2017
6,EDU,HSD,42417.509,42781.021,42599.265,-363.512,Male,146880,2017
7,EDU,HSD,32788.083,32871.203,32829.643,-83.12,Female,86654,2017
8,EDU,MS,89165.595,78657.905,83911.75,10507.69,Male,52248,2017
9,EDU,MS,73604.97,67372.889,70488.93,6232.081,Female,60977,2017
10,EDU,No_HS,35183.077,33932.263,34557.67,1250.814,Male,43875,2017
11,EDU,No_HS,27173.847,27434.16,27304.004,-260.313,Female,19080,2017
0,JOB,ART,63449.423,58054.159,60751.791,5395.264,Male,40708,2017
1,JOB,ART,53967.113,49641.005,51804.059,4326.108,Female,74335,2017
2,JOB,BUS,82760.577,81071.619,81916.098,1688.958,Male,104895,2017
3,JOB,BUS,65844.656,64928.275,65386.466,916.381,Female,88888,2017
4,JOB,HLC,87418.243,69700.716,78559.48,17717.527,Male,16600,2017
5,JOB,HLC,73470.982,61185.211,67328.096,12285.771,Female,49647,2017
6,JOB,MLT,45215.04,44671.927,44943.484,543.113,Male,4111,2017
7,JOB,MLT,36698.092,37461.964,37080.028,-763.872,Female,561,2017
8,JOB,MTN,45283.023,45103.307,45193.165,179.716,Male,90196,2017
9,JOB,MTN,37044.619,37905.963,37475.291,-861.344,Female,3766,2017
10,JOB,PRD,44027.24,43170.293,43598.766,856.947,Male,50924,2017
11,JOB,PRD,32262.951,31896.308,32079.63,366.643,Female,17081,2017
12,JOB,SAL,53262.655,51239.949,52251.302,2022.706,Male,87701,2017
13,JOB,SAL,39640.715,38452.82,39046.768,1187.895,Female,131102,2017
14,JOB,SCI,83370.773,84234.502,83802.638,-863.729,Male,58144,2017
15,JOB,SCI,69283.414,70230.405,69756.91,-946.991,Female,19116,2017
16,JOB,SVC,39283.243,37652.045,38467.644,1631.198,Male,61511,2017
17,JOB,SVC,28906.371,28235.438,28570.904,670.933,Female,55844,2017
18,JOB,TRP,41067.236,41089.506,41078.371,-22.27,Male,51841,2017
19,JOB,TRP,31419.612,31664.258,31541.935,-244.646,Female,8344,2017
0,RACE,ASN,71377.9,66771.718,69074.809,4606.182,Male,32898,2017
1,RACE,ASN,61676.69,58882.669,60279.68,2794.021,Female,27239,2017
2,RACE,BLK,44387.917,47030.302,45709.11,-2642.385,Male,40855,2017
3,RACE,BLK,38206.155,41067.175,39636.665,-2861.02,Female,46394,2017
4,RACE,HSP/NTV,42771.54,46181.502,44476.521,-3409.962,Male,86597,2017
5,RACE,HSP/NTV,34143.026,38044.021,36093.523,-3900.995,Female,61348,2017
6,RACE,WHT/MIX,62582.186,63289.194,62935.69,-707.008,Male,406281,2017
7,RACE,WHT/MIX,48792.783,49694.5,49243.642,-901.717,Female,313703,2017
0,AGE,18-25,30904.098,31695.267,31299.683,-791.169,Male,45867,2017
1,AGE,18-25,27304.228,28775.791,28040.01,-1471.563,Female,34087,2017
2,AGE,26-35,49160.875,50697.402,49929.138,-1536.527,Male,129041,2017
3,AGE,26-35,40736.066,43612.752,42174.409,-2876.686,Female,101376,2017
4,AGE,36-45,63284.495,65185.685,64235.09,-1901.19,Male,129156,2017
5,AGE,36-45,49483.456,51828.153,50655.804,-2344.697,Female,98755,2017
6,AGE,46-55,66832.803,67288.958,67060.88,-456.155,Male,138928,2017
7,AGE,46-55,51332.401,51568.576,51450.488,-236.175,Female,114176,2017
8,AGE,56-70,65284.677,63294.232,64289.455,1990.445,Male,123639,2017
9,AGE,56-70,51267.301,50095.366,50681.334,1171.935,Female,100290,2017
0,SEX,Female,59742.933,60712.516,60227.724,-969.583,Male,575484,2018
1,SEX,Female,47161.51,48855.405,48008.458,-1693.895,Female,456420,2018
0,EDU,BS,74402.42,69550.36,71976.39,4852.06,Male,133390,2018
1,EDU,BS,59434.736,56382.632,57908.684,3052.104,Female,123116,2018
2,EDU,CLG,52123.517,51949.385,52036.451,174.132,Male,170565,2018
3,EDU,CLG,39847.233,39901.503,39874.368,-54.27,Female,143803,2018
4,EDU,DR+,105741.912,103861.412,104801.662,1880.5,Male,24367,2018
5,EDU,DR+,90459.711,89960.079,90209.895,499.632,Female,19966,2018
6,EDU,HSD,43500.15,43904.673,43702.412,-404.523,Male,149897,2018
7,EDU,HSD,32990.907,33470.301,33230.604,-479.394,Female,86821,2018
8,EDU,MS,91001.239,80660.502,85830.87,10340.737,Male,53599,2018
9,EDU,MS,75089.328,68891.04,71990.184,6198.288,Female,63313,2018
10,EDU,No_HS,36444.485,35295.297,35869.891,1149.188,Male,43666,2018
11,EDU,No_HS,28442.47,28620.05,28531.26,-177.58,Female,19401,2018
0,JOB,ART,64521.167,59128.261,61824.714,5392.906,Male,40661,2018
1,JOB,ART,55111.848,50621.836,52866.842,4490.012,Female,75438,2018
2,JOB,BUS,83964.001,82370.686,83167.344,1593.315,Male,106635,2018
3,JOB,BUS,66699.131,65810.069,66254.6,889.062,Female,90557,2018
4,JOB,HLC,83999.174,69965.848,76982.511,14033.326,Male,16342,2018
5,JOB,HLC,74055.425,62504.985,68280.205,11550.44,Female,51447,2018
6,JOB,MLT,47274.481,48394.87,47834.676,-1120.389,Male,4168,2018
7,JOB,MLT,37629.81,38865.14,38247.475,-1235.33,Female,543,2018
8,JOB,MTN,46775.251,46159.126,46467.188,616.125,Male,91762,2018
9,JOB,MTN,36609.302,37154.323,36881.812,-545.021,Female,3947,2018
10,JOB,PRD,45075.146,44424.402,44749.774,650.744,Male,51281,2018
11,JOB,PRD,33034.911,32772.765,32903.838,262.146,Female,17286,2018
12,JOB,SAL,55474.286,53102.538,54288.412,2371.748,Male,82626,2018
13,JOB,SAL,41155.807,39742.12,40448.964,1413.687,Female,126896,2018
14,JOB,SCI,84464.555,85426.165,84945.36,-961.61,Male,60307,2018
15,JOB,SCI,70497.728,71576.141,71036.934,-1078.413,Female,20424,2018
16,JOB,SVC,40292.843,38622.231,39457.537,1670.612,Male,62460,2018
17,JOB,SVC,29819.884,29144.369,29482.126,675.515,Female,57904,2018
18,JOB,TRP,41128.738,41334.063,41231.4,-205.325,Male,59242,2018
19,JOB,TRP,31266.207,31532.212,31399.209,-266.005,Female,11978,2018
0,RACE,ASN,74085.539,70113.33,72099.434,3972.209,Male,33424,2018
1,RACE,ASN,64101.368,61715.694,62908.531,2385.674,Female,28142,2018
2,RACE,BLK,45628.166,48714.378,47171.272,-3086.212,Male,41030,2018
3,RACE,BLK,39033.33,42157.773,40595.552,-3124.443,Female,45918,2018
4,RACE,HSP/NTV,44050.76,47710.506,45880.633,-3659.746,Male,88540,2018
5,RACE,HSP/NTV,35068.54,38921.261,36994.9,-3852.721,Female,63346,2018
6,RACE,WHT/MIX,63353.024,64191.981,63772.502,-838.957,Male,412490,2018
7,RACE,WHT/MIX,49193.106,50657.57,49925.338,-1464.464,Female,319014,2018
0,AGE,18-25,31835.617,32822.807,32329.212,-987.19,Male,47169,2018
1,AGE,18-25,28292.291,29862.486,29077.388,-1570.195,Female,35287,2018
2,AGE,26-35,50340.855,52070.342,51205.598,-1729.487,Male,132739,2018
3,AGE,26-35,41537.902,44789.901,43163.902,-3251.999,Female,104920,2018
4,AGE,36-45,64408.07,66424.035,65416.053,-2015.965,Male,130221,2018
5,AGE,36-45,50377.688,53295.697,51836.693,-2918.009,Female,99863,2018
6,AGE,46-55,67947.49,68640.392,68293.941,-692.902,Male,137596,2018
7,AGE,46-55,52032.781,52921.33,52477.056,-888.549,Female,113515,2018
8,AGE,56-70,66223.646,64802.355,65513.0,1421.291,Male,127759,2018
9,AGE,56-70,51446.397,50720.445,51083.421,725.952,Female,102835,2018
