,Variable,Category,Total_Count,M_Wage_f,M_Wage_m,M_Wage_Avg,M_Wage_Diff,M_Count,M_Pct_Ct,F_Wage_m,F_Wage_f,F_Wage_Avg,F_Wage_Diff,F_Count,F_Pct_Ct,F_M_Ratio_f,F_M_Ratio_m,F_M_Ratio_Avg,F_M_Ratio_Diff,Year
0,SEX,Female,974921,51589.217,52285.489,51937.353,696.272,550766,0.5649339792660123,40086.306,40281.571,40183.939,-195.265,424155,0.4350660207339877,0.781,0.767,0.774,0.014,2008
0,EDU,B.S._Degree,216533,60470.252,65632.165,63051.208,5161.913,117885,0.5444204809428586,50775.834,47895.87,49335.852,2879.964,98648,0.4555795190571414,0.792,0.774,0.783,0.018,2008
1,EDU,Highschool,244881,39445.83,38880.034,39162.932,-565.796,147314,0.6015738256540932,29143.372,29697.217,29420.294,-553.845,97567,0.39842617434590677,0.753,0.75,0.752,0.003,2008
2,EDU,M.S._Degree,89541,68733.669,79479.944,74106.806,10746.275,44175,0.49334941535162663,63627.701,58029.759,60828.73,5597.942,45366,0.5066505846483734,0.844,0.801,0.822,0.043,2008
3,EDU,No_Highschool,71753,31437.448,31577.126,31507.287,139.678,50313,0.7011971624879796,23935.09,24643.271,24289.181,-708.181,21440,0.2988028375120204,0.784,0.758,0.771,0.026,2008
4,EDU,PhD_or_Prof,37499,95513.025,100414.323,97963.674,4901.298,23410,0.6242833142217126,78036.629,75938.832,76987.73,2097.797,14089,0.37571668577828743,0.795,0.777,0.786,0.018,2008
5,EDU,Some_College,314714,47128.909,47009.185,47069.047,-119.724,167669,0.5327662576180278,35530.725,35584.329,35557.527,-53.604,147045,0.4672337423819722,0.755,0.756,0.756,-0.001,2008
0,JOB,Art,106227,51300.477,57901.61,54601.044,6601.133,38459,0.36204543101094827,47896.09,43517.48,45706.785,4378.61,67768,0.6379545689890518,0.848,0.827,0.837,0.021,2008
1,JOB,Business,170443,71096.843,74968.688,73032.766,3871.845,96211,0.5644761005145416,57046.334,54668.769,55857.552,2377.565,74232,0.4355238994854585,0.769,0.761,0.765,0.008,2008
2,JOB,Healthcare,54571,62329.959,86936.199,74633.079,24606.24,14489,0.265507320738121,67917.869,53066.27,60492.07,14851.599,40082,0.734492679261879,0.851,0.781,0.816,0.07,2008
3,JOB,Maintenance,99262,41114.193,40294.116,40704.155,-820.077,95645,0.9635610807761278,31632.268,33181.771,32407.02,-1549.503,3617,0.03643891922387218,0.807,0.785,0.796,0.022,2008
4,JOB,Military,4703,40933.676,42481.08,41707.378,1547.404,4172,0.8870933446736126,32291.807,32221.776,32256.792,70.031,531,0.11290665532638741,0.787,0.76,0.774,0.027,2008
5,JOB,Production,72633,38279.556,39245.244,38762.4,965.688,53597,0.7379152726722014,28241.008,27591.065,27916.037,649.943,19036,0.26208472732779864,0.721,0.72,0.72,0.001,2008
6,JOB,Sales,235884,45304.227,48471.503,46887.865,3167.276,90953,0.3855835919350189,35055.906,33320.85,34188.378,1735.056,144931,0.6144164080649811,0.735,0.723,0.729,0.012,2008
7,JOB,Science,68305,70683.988,71277.054,70980.521,593.066,51685,0.7566795988580631,58959.006,58825.175,58892.091,133.831,16620,0.2433204011419369,0.832,0.827,0.829,0.005,2008
8,JOB,Services,105600,34328.645,36079.39,35204.018,1750.745,55544,0.5259848484848485,26272.823,25582.979,25927.901,689.844,50056,0.4740151515151515,0.745,0.728,0.736,0.017,2008
9,JOB,Transport,57293,37225.843,37324.487,37275.165,98.644,50011,0.8728989579878869,27888.566,27675.236,27781.901,213.33,7282,0.12710104201211317,0.743,0.747,0.745,-0.004,2008
0,RACE,Asian,45885,55518.261,59975.252,57746.756,4456.991,25278,0.5508989865969272,50300.655,48015.32,49157.988,2285.335,20607,0.4491010134030729,0.865,0.839,0.852,0.026,2008
1,RACE,Black,86436,42308.587,40692.623,41500.605,-1615.964,39533,0.4573673006617613,34220.884,36099.636,35160.26,-1878.752,46903,0.5426326993382387,0.853,0.841,0.847,0.012,2008
2,RACE,Hispanic,110267,40216.149,36711.646,38463.898,-3504.503,67398,0.6112254799713422,29248.956,32700.585,30974.77,-3451.629,42869,0.3887745200286577,0.813,0.797,0.805,0.016,2008
3,RACE,Mixed,12526,47504.569,46798.748,47151.659,-705.821,6854,0.5471818617276066,38423.361,39610.997,39017.179,-1187.636,5672,0.4528181382723934,0.834,0.821,0.827,0.013,2008
4,RACE,Native,6880,42361.585,40472.612,41417.098,-1888.973,3556,0.516860465116279,33217.359,34920.652,34069.006,-1703.293,3324,0.4831395348837209,0.824,0.821,0.822,0.003,2008
5,RACE,White,712927,54528.113,55698.91,55113.512,1170.797,408147,0.572494799607814,41899.179,41539.49,41719.334,359.689,304780,0.42750520039218604,0.762,0.752,0.757,0.01,2008
0,AGE,18-22,29212,23383.23,23461.344,23422.287,78.114,18158,0.6215938655347117,21237.012,21562.497,21399.754,-325.485,11054,0.37840613446528826,0.922,0.905,0.914,0.017,2008
1,AGE,23-28,108329,35433.133,34331.699,34882.416,-1101.434,59864,0.5526128737457191,29230.464,31711.935,30471.2,-2481.471,48465,0.44738712625428095,0.895,0.851,0.873,0.044,2008
2,AGE,29-36,168677,49280.308,47665.554,48472.931,-1614.754,97494,0.5779922573913456,38054.911,40164.83,39109.871,-2109.919,71183,0.4220077426086544,0.815,0.798,0.806,0.017,2008
3,AGE,37-45,227358,56220.59,56927.871,56574.23,707.281,131372,0.5778200019352738,42666.979,42601.13,42634.054,65.849,95986,0.4221799980647261,0.758,0.749,0.754,0.009,2008
4,AGE,46-55,274233,57036.704,58452.382,57744.543,1415.678,150872,0.5501599005225484,43732.321,42949.878,43341.1,782.443,123361,0.4498400994774517,0.753,0.748,0.75,0.005,2008
5,AGE,56-70,167112,53513.413,57750.731,55632.072,4237.318,93006,0.5565489013356312,43323.502,41344.21,42333.856,1979.292,74106,0.4434510986643688,0.773,0.75,0.762,0.023,2008
0,DIV,East North Central,150717,50239.241,51459.116,50849.178,1219.875,85776,0.5691196082724577,38378.632,38237.616,38308.124,141.016,64941,0.43088039172754233,0.761,0.746,0.754,0.015,2008
1,DIV,East South Central,56766,46682.13,47905.046,47293.588,1222.916,31709,0.5585914103512666,35533.229,34982.98,35258.104,550.249,25057,0.4414085896487334,0.749,0.742,0.746,0.007,2008
2,DIV,Middle Atlantic,132475,55543.772,55931.761,55737.766,387.989,73790,0.557010756746556,43223.326,44092.004,43657.665,-868.678,58685,0.442989243253444,0.794,0.773,0.784,0.021,2008
3,DIV,Mountain,68539,49563.028,50442.435,50002.731,879.407,40124,0.5854185208421483,38430.52,38356.155,38393.337,74.365,28415,0.4145814791578517,0.774,0.762,0.768,0.012,2008
4,DIV,New England,47767,58786.556,60227.162,59506.859,1440.606,26528,0.5553624887474616,45383.367,45678.65,45531.008,-295.283,21239,0.44463751125253836,0.777,0.754,0.766,0.023,2008
5,DIV,Pacific,145780,55735.537,55662.657,55699.097,-72.88,84673,0.5808272739744821,44036.159,45150.967,44593.563,-1114.808,61107,0.4191727260255179,0.81,0.791,0.8,0.019,2008
6,DIV,South Atlantic,195639,50523.255,51436.916,50980.086,913.661,107621,0.5500999289507715,40433.753,40128.87,40281.311,304.883,88018,0.4499000710492284,0.794,0.786,0.79,0.008,2008
7,DIV,West North Central,68605,47480.165,47737.749,47608.957,257.584,38644,0.5632825595802056,35646.173,35716.925,35681.549,-70.752,29961,0.4367174404197945,0.752,0.747,0.75,0.005,2008
8,DIV,West South Central,108633,48311.563,48813.984,48562.773,502.421,61901,0.5698176428893614,36613.543,36742.622,36678.083,-129.079,46732,0.43018235711063857,0.761,0.75,0.756,0.011,2008
0,SEX,Female,938488,53027.105,54107.471,53567.288,1080.366,524932,0.5593379989941267,41617.345,41611.816,41614.58,5.529,413556,0.44066200100587327,0.785,0.769,0.777,0.016,2009
0,EDU,B.S._Degree,214015,62753.198,68290.456,65521.827,5537.258,115341,0.5389388594257412,52656.062,49482.653,51069.358,3173.409,98674,0.4610611405742588,0.789,0.771,0.78,0.018,2009
1,EDU,Highschool,229476,39635.712,39147.292,39391.502,-488.42,137682,0.5999843120849239,29547.995,29806.486,29677.24,-258.491,91794,0.4000156879150761,0.752,0.755,0.754,-0.003,2009
2,EDU,M.S._Degree,91383,71457.208,82686.594,77071.901,11229.386,44450,0.486414322138691,66524.895,60638.46,63581.678,5886.435,46933,0.513585677861309,0.849,0.805,0.827,0.044,2009
3,EDU,No_Highschool,63757,30054.253,30936.445,30495.349,882.192,44307,0.6949354580673495,23753.863,23894.922,23824.392,-141.059,19450,0.30506454193265053,0.795,0.768,0.782,0.027,2009
4,EDU,PhD_or_Prof,38390,101696.284,107571.675,104633.98,5875.391,23947,0.62378223495702,81742.996,79538.378,80640.687,2204.618,14443,0.37621776504297993,0.782,0.76,0.771,0.022,2009
5,EDU,Some_College,301467,47041.318,47197.243,47119.28,155.925,159205,0.5281009198353386,36039.4,36064.687,36052.044,-25.287,142262,0.4718990801646615,0.767,0.764,0.766,0.003,2009
0,JOB,Art,105632,52841.493,60156.036,56498.765,7314.543,37914,0.35892532565889124,50248.898,45012.567,47630.732,5236.331,67718,0.6410746743411088,0.852,0.835,0.843,0.017,2009
1,JOB,Business,167851,73316.885,77428.001,75372.443,4111.116,94277,0.5616707675259606,58903.765,56308.966,57606.366,2594.799,73574,0.4383292324740395,0.768,0.761,0.764,0.007,2009
2,JOB,Healthcare,55721,65029.984,94748.743,79889.364,29718.759,15089,0.27079557079018685,71659.74,55035.77,63347.755,16623.97,40632,0.7292044292098132,0.846,0.756,0.801,0.09,2009
3,JOB,Maintenance,90540,41972.835,41277.804,41625.32,-695.031,87137,0.9624144024740446,32503.965,33561.792,33032.878,-1057.827,3403,0.03758559752595538,0.8,0.787,0.794,0.013,2009
4,JOB,Military,4754,42759.63,44355.704,43557.667,1596.074,4160,0.8750525872949095,35895.855,35798.4,35847.128,97.455,594,0.12494741270509045,0.837,0.809,0.823,0.028,2009
5,JOB,Production,65758,39056.047,40135.137,39595.592,1079.09,48903,0.7436813771708385,28971.512,28252.993,28612.252,718.519,16855,0.25631862282916146,0.723,0.722,0.722,0.001,2009
6,JOB,Sales,225236,45742.455,49159.205,47450.83,3416.75,87025,0.3863725159388375,35815.78,33994.906,34905.343,1820.874,138211,0.6136274840611625,0.743,0.729,0.736,0.014,2009
7,JOB,Science,65708,72661.401,73189.934,72925.668,528.533,49417,0.7520697631947404,61079.788,61078.97,61079.379,0.818,16291,0.24793023680525964,0.841,0.835,0.838,0.006,2009
8,JOB,Services,104674,34944.354,36768.474,35856.414,1824.12,55117,0.5265586487570935,26876.288,26017.741,26447.014,858.547,49557,0.47344135124290654,0.745,0.731,0.738,0.014,2009
9,JOB,Transport,52614,37307.733,37633.118,37470.426,325.385,45893,0.8722583342836507,28143.469,27825.947,27984.708,317.522,6721,0.12774166571634926,0.746,0.748,0.747,-0.002,2009
0,RACE,Asian,45950,58127.143,62248.474,60187.808,4121.331,25046,0.5450707290533188,52447.243,49723.937,51085.59,2723.306,20904,0.4549292709466812,0.855,0.843,0.849,0.012,2009
1,RACE,Black,82329,43595.192,41928.829,42762.011,-1666.363,37019,0.44964714742071443,35413.095,37365.23,36389.163,-1952.135,45310,0.5503528525792856,0.857,0.845,0.851,0.012,2009
2,RACE,Hispanic,106214,41032.471,37943.502,39487.986,-3088.969,63936,0.6019545445986405,29864.554,33637.625,31751.09,-3773.071,42278,0.3980454554013595,0.82,0.787,0.804,0.033,2009
3,RACE,Mixed,12200,48582.417,49128.257,48855.337,545.84,6540,0.5360655737704918,39643.667,40105.41,39874.538,-461.743,5660,0.4639344262295082,0.826,0.807,0.816,0.019,2009
4,RACE,Native,6650,42668.171,42589.626,42628.898,-78.545,3513,0.5282706766917293,34792.204,35032.812,34912.508,-240.608,3137,0.47172932330827066,0.821,0.817,0.819,0.004,2009
5,RACE,White,685145,56016.0,57587.811,56801.906,1571.811,388878,0.5675849637667939,43537.588,42925.275,43231.432,612.313,296267,0.4324150362332061,0.766,0.756,0.761,0.01,2009
0,AGE,18-22,24742,23874.98,23716.963,23795.972,-158.017,15204,0.6145016571012852,21893.942,21743.563,21818.752,150.379,9538,0.38549834289871476,0.911,0.923,0.917,-0.012,2009
1,AGE,23-28,102836,35900.718,35020.314,35460.516,-880.404,55940,0.5439729277684857,29956.677,32190.718,31073.698,-2234.041,46896,0.45602707223151423,0.897,0.855,0.876,0.042,2009
2,AGE,29-36,162089,50510.498,48960.487,49735.492,-1550.011,92442,0.5703163077074941,39142.479,41236.698,40189.588,-2094.219,69647,0.42968369229250597,0.816,0.799,0.808,0.017,2009
3,AGE,37-45,214741,57930.044,58644.761,58287.402,714.717,122867,0.5721636762425434,44430.534,44148.155,44289.344,282.379,91874,0.42783632375745667,0.762,0.758,0.76,0.004,2009
4,AGE,46-55,264802,58694.917,60669.58,59682.248,1974.663,144638,0.5462118866171706,44968.389,44308.93,44638.66,659.459,120164,0.45378811338282943,0.755,0.741,0.748,0.014,2009
5,AGE,56-70,169278,54683.673,59424.73,57054.202,4741.057,93841,0.55436028308463,45353.638,42941.69,44147.664,2411.948,75437,0.44563971691536997,0.785,0.763,0.774,0.022,2009
0,DIV,East North Central,142531,51190.391,52213.662,51702.026,1023.271,80160,0.5624039682595365,39573.272,39545.296,39559.284,27.976,62371,0.43759603174046346,0.773,0.758,0.766,0.015,2009
1,DIV,East South Central,54206,47495.255,48494.071,47994.663,998.816,29829,0.5502896358336715,36541.307,36185.828,36363.568,355.479,24377,0.4497103641663284,0.762,0.754,0.758,0.008,2009
2,DIV,Middle Atlantic,128664,56811.009,57351.013,57081.011,540.004,70847,0.5506357644718025,44510.927,45452.425,44981.676,-941.498,57817,0.4493642355281975,0.8,0.776,0.788,0.024,2009
3,DIV,Mountain,65467,50490.673,51999.572,51245.122,1508.899,37785,0.5771610124184704,40564.199,39862.302,40213.25,701.897,27682,0.4228389875815296,0.789,0.78,0.784,0.009,2009
4,DIV,New England,45915,59964.172,61705.835,60835.004,1741.663,25304,0.5511053032777959,47127.463,47276.832,47202.148,-149.369,20611,0.44889469672220406,0.788,0.764,0.776,0.024,2009
5,DIV,Pacific,139399,56547.123,56575.941,56561.532,28.818,80098,0.5745952266515542,45106.892,46218.745,45662.818,-1111.853,59301,0.42540477334844584,0.817,0.797,0.807,0.02,2009
6,DIV,South Atlantic,187488,52521.594,54578.343,53549.968,2056.749,101990,0.5439814814814815,42306.471,41391.848,41849.159,914.623,85498,0.45601851851851855,0.788,0.775,0.782,0.013,2009
7,DIV,West North Central,66423,49059.271,49376.167,49217.719,316.896,37277,0.561206208692772,37103.329,37055.856,37079.592,47.473,29146,0.4387937913072279,0.755,0.751,0.753,0.004,2009
8,DIV,West South Central,108395,51059.174,52606.186,51832.68,1547.012,61642,0.5686793671294802,38845.027,38385.833,38615.43,459.194,46753,0.43132063287051986,0.752,0.738,0.745,0.014,2009
0,SEX,Female,917314,53693.422,54861.844,54277.633,1168.422,510249,0.556242464412404,42317.431,42169.234,42243.332,148.197,407065,0.44375753558759595,0.785,0.771,0.778,0.014,2010
0,EDU,B.S._Degree,212679,63130.83,68486.622,65808.726,5355.792,113778,0.5349752443823791,52832.493,49789.761,51311.127,3042.732,98901,0.4650247556176209,0.789,0.771,0.78,0.018,2010
1,EDU,Highschool,221982,39319.742,39053.114,39186.428,-266.628,132925,0.5988098134082943,29954.488,29936.66,29945.574,17.828,89057,0.40119018659170563,0.761,0.767,0.764,-0.006,2010
2,EDU,M.S._Degree,92324,72350.361,84647.44,78498.9,12297.079,44469,0.4816624063082189,67134.861,60967.5,64051.18,6167.361,47855,0.5183375936917811,0.843,0.793,0.818,0.05,2010
3,EDU,No_Highschool,61010,30153.461,30695.218,30424.34,541.757,42244,0.692411080150795,24070.539,24095.367,24082.953,-24.828,18766,0.30758891984920506,0.799,0.784,0.792,0.015,2010
4,EDU,PhD_or_Prof,39404,106195.181,111989.938,109092.56,5794.757,24512,0.6220688254999492,84081.542,81710.104,82895.823,2371.438,14892,0.37793117450005076,0.769,0.751,0.76,0.018,2010
5,EDU,Some_College,289915,47252.551,47293.687,47273.119,41.136,152321,0.5253988237931808,36346.193,36256.616,36301.405,89.577,137594,0.47460117620681924,0.767,0.769,0.768,-0.002,2010
0,JOB,Art,106227,54126.04,61886.821,58006.43,7760.781,38199,0.359597842356463,51115.407,45655.368,48385.388,5460.039,68028,0.6404021576435369,0.844,0.826,0.835,0.018,2010
1,JOB,Business,165601,74736.546,79242.703,76989.624,4506.157,92582,0.5590666723027035,59836.187,57068.277,58452.232,2767.91,73019,0.44093332769729654,0.764,0.755,0.76,0.009,2010
2,JOB,Healthcare,56596,66690.059,99088.34,82889.199,32398.281,15413,0.2723337338327797,74410.295,56473.595,65441.945,17936.7,41183,0.7276662661672203,0.847,0.751,0.799,0.096,2010
3,JOB,Maintenance,84270,42014.426,41444.091,41729.258,-570.335,81031,0.961564020410585,33816.582,34966.342,34391.462,-1149.76,3239,0.03843597958941498,0.832,0.816,0.824,0.016,2010
4,JOB,Military,4458,43898.328,44128.564,44013.446,230.236,3928,0.8811126065500224,34120.909,34624.447,34372.678,-503.538,530,0.11888739344997756,0.789,0.773,0.781,0.016,2010
5,JOB,Production,62523,38741.432,39991.326,39366.379,1249.894,46445,0.7428466324392623,28983.785,28269.173,28626.479,714.612,16078,0.25715336756073764,0.73,0.725,0.728,0.005,2010
6,JOB,Sales,217415,45615.248,48983.318,47299.283,3368.07,84704,0.3895959340431893,35770.754,34123.018,34946.886,1647.736,132711,0.6104040659568107,0.748,0.73,0.739,0.018,2010
7,JOB,Science,62672,73532.374,74174.598,73853.486,642.224,47280,0.7544038805208068,61429.164,61398.01,61413.587,31.154,15392,0.24559611947919327,0.835,0.828,0.831,0.007,2010
8,JOB,Services,105464,34868.439,36637.903,35753.171,1769.464,55566,0.5268717287415611,27077.855,26160.457,26619.156,917.398,49898,0.4731282712584389,0.75,0.739,0.744,0.011,2010
9,JOB,Transport,52088,37696.537,37352.159,37524.348,-344.378,45101,0.8658616187989556,28690.153,28902.843,28796.498,-212.69,6987,0.13413838120104438,0.767,0.768,0.768,-0.001,2010
0,RACE,Asian,46776,58882.963,63330.044,61106.504,4447.081,25398,0.54297075423294,53050.939,50643.503,51847.221,2407.436,21378,0.45702924576706005,0.86,0.838,0.849,0.022,2010
1,RACE,Black,81065,43861.035,42397.44,43129.238,-1463.595,36589,0.45135385184728305,36081.915,37731.782,36906.848,-1649.867,44476,0.548646148152717,0.86,0.851,0.855,0.009,2010
2,RACE,Hispanic,107017,41643.663,38098.316,39870.989,-3545.347,63983,0.5978769728174028,30522.541,34211.529,32367.035,-3688.988,43034,0.4021230271825972,0.822,0.801,0.812,0.021,2010
3,RACE,Mixed,12900,50347.253,50008.957,50178.105,-338.296,6969,0.5402325581395349,40835.107,41487.667,41161.387,-652.56,5931,0.45976744186046514,0.824,0.817,0.82,0.007,2010
4,RACE,Native,6707,43343.698,43452.868,43398.283,109.17,3423,0.5103623080363799,36157.977,35988.499,36073.238,169.478,3284,0.4896376919636201,0.83,0.832,0.831,-0.002,2010
5,RACE,White,662849,56803.683,58570.018,57686.85,1766.335,373887,0.5640605929857327,44300.994,43494.63,43897.812,806.364,288962,0.4359394070142672,0.766,0.756,0.761,0.01,2010
0,AGE,18-22,21995,23686.54,23395.975,23541.258,-290.565,13390,0.6087747215276199,22037.47,21641.465,21839.468,396.005,8605,0.3912252784723801,0.914,0.942,0.928,-0.028,2010
1,AGE,23-28,97969,35703.882,34473.713,35088.798,-1230.169,52644,0.5373536526860537,30068.027,32228.211,31148.119,-2160.184,45325,0.46264634731394627,0.903,0.872,0.888,0.031,2010
2,AGE,29-36,159783,49684.329,48235.319,48959.824,-1449.01,90347,0.5654356220624221,39145.133,41474.057,40309.595,-2328.924,69436,0.43456437793757785,0.835,0.812,0.824,0.023,2010
3,AGE,37-45,206784,58572.568,59210.966,58891.767,638.398,117918,0.5702472144846796,44783.566,44758.89,44771.228,24.676,88866,0.4297527855153203,0.764,0.756,0.76,0.008,2010
4,AGE,46-55,258965,59769.41,61705.126,60737.268,1935.716,141451,0.5462166702063985,45842.59,44825.702,45334.146,1016.888,117514,0.4537833297936015,0.75,0.743,0.746,0.007,2010
5,AGE,56-70,171818,56336.456,61343.378,58839.917,5006.922,94499,0.5499947618992189,46693.933,43891.762,45292.848,2802.171,77319,0.4500052381007811,0.779,0.761,0.77,0.018,2010
0,DIV,East North Central,138058,52027.799,53258.072,52642.936,1230.273,77253,0.5595691665821612,40507.746,40154.95,40331.348,352.796,60805,0.4404308334178389,0.772,0.761,0.766,0.011,2010
1,DIV,East South Central,52010,48162.46,49125.179,48643.82,962.719,28476,0.5475100942126514,36694.757,36260.181,36477.469,434.576,23534,0.4524899057873486,0.753,0.747,0.75,0.006,2010
2,DIV,Middle Atlantic,125106,56870.219,57398.082,57134.15,527.863,68602,0.5483509983533963,44886.256,45620.604,45253.43,-734.348,56504,0.45164900164660365,0.802,0.782,0.792,0.02,2010
3,DIV,Mountain,63929,51168.455,52923.559,52046.007,1755.104,36684,0.5738240860955122,41180.094,40431.678,40805.886,748.416,27245,0.4261759139044878,0.79,0.778,0.784,0.012,2010
4,DIV,New England,45589,59876.474,61153.136,60514.805,1276.662,25001,0.5483998332931189,47724.241,48218.783,47971.512,-494.542,20588,0.451600166706881,0.805,0.78,0.792,0.025,2010
5,DIV,Pacific,137937,59463.59,59668.815,59566.202,205.225,78987,0.5726309837099546,46771.608,47682.696,47227.152,-911.088,58950,0.4273690162900455,0.802,0.784,0.793,0.018,2010
6,DIV,South Atlantic,183236,52786.023,54812.405,53799.214,2026.382,99179,0.5412637254687943,42558.416,41796.417,42177.416,761.999,84057,0.45873627453120563,0.792,0.776,0.784,0.016,2010
7,DIV,West North Central,64632,48598.073,49100.114,48849.094,502.041,35747,0.5530851590543384,37988.864,37440.933,37714.898,547.931,28885,0.4469148409456616,0.77,0.774,0.772,-0.004,2010
8,DIV,West South Central,106817,51042.484,52512.001,51777.242,1469.517,60320,0.5647041201306908,39155.055,38560.699,38857.877,594.356,46497,0.4352958798693092,0.755,0.746,0.75,0.009,2010
0,SEX,Female,899035,53817.535,54606.842,54212.189,789.307,502318,0.5587301940413888,42210.996,42381.52,42296.258,-170.524,396717,0.44126980595861115,0.788,0.773,0.78,0.015,2011
0,EDU,B.S._Degree,203137,63703.782,68913.793,66308.788,5210.011,108019,0.5317544317381866,52802.557,50100.415,51451.486,2702.142,95118,0.46824556826181346,0.786,0.766,0.776,0.02,2011
1,EDU,Highschool,222601,39474.304,39003.348,39238.826,-470.956,135041,0.6066504642836286,30107.185,30012.991,30060.088,94.194,87560,0.39334953571637143,0.76,0.772,0.766,-0.012,2011
2,EDU,M.S._Degree,89961,72233.904,84830.732,78532.318,12596.828,42904,0.476917775480486,66855.527,60985.714,63920.621,5869.813,47057,0.523082224519514,0.844,0.788,0.816,0.056,2011
3,EDU,No_Highschool,61306,29886.996,30630.419,30258.708,743.423,42480,0.6929174958405376,24065.36,24131.045,24098.202,-65.685,18826,0.30708250415946237,0.807,0.786,0.796,0.021,2011
4,EDU,PhD_or_Prof,38870,108322.158,114716.3,111519.229,6394.142,23958,0.6163622330846411,86732.804,83276.837,85004.82,3455.967,14912,0.3836377669153589,0.769,0.756,0.762,0.013,2011
5,EDU,Some_College,283160,46962.873,46891.717,46927.295,-71.156,149916,0.5294391863257523,36456.072,36430.615,36443.344,25.457,133244,0.4705608136742478,0.776,0.777,0.776,-0.001,2011
0,JOB,Art,103259,54022.268,62246.93,58134.599,8224.662,37431,0.3624962473004774,51195.702,45843.859,48519.78,5351.843,65828,0.6375037526995225,0.849,0.822,0.835,0.027,2011
1,JOB,Business,157899,75803.753,80118.287,77961.02,4314.534,87604,0.55481035345379,60192.319,57649.451,58920.885,2542.868,70295,0.4451896465462099,0.761,0.751,0.756,0.01,2011
2,JOB,Healthcare,55812,66931.169,99642.808,83286.988,32711.639,15099,0.2705332186626532,77046.17,57070.514,67058.342,19975.656,40713,0.7294667813373468,0.853,0.773,0.813,0.08,2011
3,JOB,Maintenance,84631,41738.706,41493.111,41615.908,-245.595,81563,0.9637485082298448,33774.378,34546.931,34160.654,-772.553,3068,0.036251491770155145,0.828,0.814,0.821,0.014,2011
4,JOB,Military,4811,41766.85,41017.145,41391.998,-749.705,4291,0.8919143629183122,31971.151,32794.826,32382.988,-823.675,520,0.1080856370816878,0.785,0.779,0.782,0.006,2011
5,JOB,Production,64619,38625.473,39603.626,39114.549,978.153,48137,0.744935700026308,29252.219,28608.372,28930.296,643.847,16482,0.25506429997369195,0.741,0.739,0.74,0.002,2011
6,JOB,Sales,207950,45785.404,49011.66,47398.532,3226.256,80925,0.38915604712671314,35973.505,34392.413,35182.959,1581.092,127025,0.6108439528732869,0.751,0.734,0.742,0.017,2011
7,JOB,Science,60194,74701.977,74778.024,74740.0,76.047,45321,0.7529155729806958,61662.063,62203.471,61932.767,-541.408,14873,0.24708442701930425,0.833,0.825,0.829,0.008,2011
8,JOB,Services,106894,34647.204,36344.677,35495.94,1697.473,55939,0.5233128145639605,26844.897,26024.965,26434.931,819.932,50955,0.47668718543603944,0.751,0.739,0.745,0.012,2011
9,JOB,Transport,52966,37622.837,37423.285,37523.061,-199.552,46008,0.868632707774799,29194.221,29485.911,29340.066,-291.69,6958,0.13136729222520108,0.784,0.78,0.782,0.004,2011
0,RACE,Asian,45558,58203.733,62759.499,60481.616,4555.766,24923,0.5470608894156899,53601.7,50832.364,52217.032,2769.336,20635,0.45293911058431013,0.873,0.854,0.863,0.019,2011
1,RACE,Black,80910,43362.132,41471.777,42416.954,-1890.355,36722,0.45386231615375106,35731.7,37546.575,36639.138,-1814.875,44188,0.546137683846249,0.866,0.862,0.864,0.004,2011
2,RACE,Hispanic,106234,41298.991,37742.773,39520.882,-3556.218,64124,0.6036108966997383,30716.214,34367.146,32541.68,-3650.932,42110,0.39638910330026167,0.832,0.814,0.823,0.018,2011
3,RACE,Mixed,12763,49287.889,49519.756,49403.822,231.867,6920,0.5421922745436026,40652.039,41066.522,40859.28,-414.483,5843,0.4578077254563974,0.833,0.821,0.827,0.012,2011
4,RACE,Native,7725,42248.656,41635.261,41941.958,-613.395,4005,0.5184466019417475,35024.214,35921.496,35472.855,-897.282,3720,0.4815533980582524,0.85,0.841,0.845,0.009,2011
5,RACE,White,645845,57272.497,58566.381,57919.439,1293.884,365624,0.5661172572366434,44209.509,43839.168,44024.338,370.341,280221,0.43388274276335653,0.765,0.755,0.76,0.01,2011
0,AGE,18-22,22053,23703.353,23358.432,23530.892,-344.921,13915,0.6309799120301093,21536.66,21750.337,21643.498,-213.677,8138,0.3690200879698907,0.918,0.922,0.92,-0.004,2011
1,AGE,23-28,94162,35078.398,34123.428,34600.913,-954.97,51472,0.5466323994817442,29338.305,31651.604,30494.954,-2313.299,42690,0.45336760051825575,0.902,0.86,0.881,0.042,2011
2,AGE,29-36,154246,49348.792,47457.446,48403.119,-1891.346,87949,0.570186585065415,38680.226,41199.85,39940.038,-2519.624,66297,0.429813414934585,0.835,0.815,0.825,0.02,2011
3,AGE,37-45,194014,58769.328,58948.643,58858.985,179.315,110878,0.571494840578515,44742.321,45180.104,44961.212,-437.783,83136,0.42850515942148504,0.769,0.759,0.764,0.01,2011
4,AGE,46-55,255190,60053.039,61669.913,60861.476,1616.874,139737,0.5475802343352012,46016.452,45145.71,45581.081,870.742,115453,0.4524197656647988,0.752,0.746,0.749,0.006,2011
5,AGE,56-70,179370,56406.663,61210.109,58808.386,4803.446,98367,0.5484027429336009,46769.057,44264.177,45516.617,2504.88,81003,0.4515972570663991,0.785,0.764,0.774,0.021,2011
0,DIV,East North Central,135089,51807.734,52671.001,52239.367,863.267,75894,0.5618074010467173,40336.341,40285.984,40311.162,50.357,59195,0.43819259895328266,0.778,0.766,0.772,0.012,2011
1,DIV,East South Central,50403,47823.227,48531.79,48177.508,708.563,27794,0.5514354304307283,36263.34,36211.416,36237.378,51.924,22609,0.44856456956927165,0.757,0.747,0.752,0.01,2011
2,DIV,Middle Atlantic,124394,56475.742,56692.536,56584.139,216.794,68152,0.5478720838625657,44862.163,46013.61,45437.886,-1151.447,56242,0.4521279161374343,0.815,0.791,0.803,0.024,2011
3,DIV,Mountain,61844,51438.942,52584.289,52011.616,1145.347,35591,0.5754964103227476,41102.838,40348.18,40725.509,754.658,26253,0.42450358967725244,0.784,0.782,0.783,0.002,2011
4,DIV,New England,45932,60755.587,61969.993,61362.79,1214.406,25309,0.5510101889750065,48067.07,48717.127,48392.098,-650.057,20623,0.44898981102499347,0.802,0.776,0.789,0.026,2011
5,DIV,Pacific,136362,59243.873,59440.601,59342.237,196.728,78841,0.5781742714245904,46635.778,47793.084,47214.431,-1157.306,57521,0.42182572857540956,0.807,0.785,0.796,0.022,2011
6,DIV,South Atlantic,178083,53337.924,54939.541,54138.732,1601.617,96816,0.5436566095584643,42713.675,42005.478,42359.576,708.197,81267,0.4563433904415357,0.788,0.777,0.782,0.011,2011
7,DIV,West North Central,64189,49383.943,49108.712,49246.328,-275.231,35907,0.5593949119007929,37556.044,37615.178,37585.611,-59.134,28282,0.440605088099207,0.762,0.765,0.764,-0.003,2011
8,DIV,West South Central,102739,51058.301,51906.937,51482.619,848.636,58014,0.5646735903600385,38552.474,38716.326,38634.4,-163.852,44725,0.43532640963996144,0.758,0.743,0.75,0.015,2011
0,SEX,Female,915826,54773.254,55178.871,54976.062,405.617,513369,0.5605529871394784,42873.183,43255.795,43064.489,-382.612,402457,0.4394470128605215,0.79,0.777,0.784,0.013,2012
0,EDU,B.S._Degree,211754,64310.443,69412.931,66861.687,5102.488,112608,0.5317868847813972,53946.768,50840.161,52393.464,3106.607,99146,0.4682131152186027,0.791,0.777,0.784,0.014,2012
1,EDU,Highschool,221523,40186.207,39829.207,40007.707,-357.0,135745,0.6127806142025884,30626.011,30638.311,30632.161,-12.3,85778,0.38721938579741155,0.762,0.769,0.766,-0.007,2012
2,EDU,M.S._Degree,94033,73474.391,84842.834,79158.612,11368.443,44893,0.47741750236619057,67790.397,61947.138,64868.768,5843.259,49140,0.5225824976338094,0.843,0.799,0.821,0.044,2012
3,EDU,No_Highschool,60520,30800.318,31609.332,31204.825,809.014,42300,0.6989424983476537,24393.244,24688.06,24540.652,-294.816,18220,0.30105750165234635,0.802,0.772,0.787,0.03,2012
4,EDU,PhD_or_Prof,38481,105220.528,110802.065,108011.296,5581.537,23358,0.6070008575660716,85961.559,83496.254,84728.906,2465.305,15123,0.3929991424339284,0.794,0.776,0.785,0.018,2012
5,EDU,Some_College,289515,47817.107,47713.176,47765.142,-103.931,154465,0.5335302143239555,36866.338,36899.617,36882.978,-33.279,135050,0.4664697856760444,0.772,0.773,0.772,-0.001,2012
0,JOB,Art,102962,54466.454,61592.249,58029.352,7125.795,37217,0.361463452535887,51227.596,46289.654,48758.625,4937.942,65745,0.6385365474641129,0.85,0.832,0.841,0.018,2012
1,JOB,Business,162614,76164.091,79597.328,77880.71,3433.237,90459,0.5562805170526522,60934.019,58997.677,59965.848,1936.342,72155,0.4437194829473477,0.775,0.766,0.77,0.009,2012
2,JOB,Healthcare,57036,67724.003,96435.199,82079.601,28711.196,15182,0.2661827617644996,75550.586,57786.386,66668.486,17764.2,41854,0.7338172382355004,0.853,0.783,0.818,0.07,2012
3,JOB,Maintenance,86223,42708.765,42350.604,42529.684,-358.161,83053,0.9632348677267086,34461.65,35377.302,34919.476,-915.652,3170,0.03676513227329135,0.828,0.814,0.821,0.014,2012
4,JOB,Military,4929,42591.777,41973.1,42282.439,-618.677,4405,0.8936904037330087,33254.244,34383.923,33819.084,-1129.679,524,0.10630959626699128,0.807,0.792,0.8,0.015,2012
5,JOB,Production,65229,39897.619,40900.515,40399.067,1002.896,48903,0.7497125511658924,29540.114,29078.951,29309.532,461.163,16326,0.25028744883410753,0.729,0.722,0.726,0.007,2012
6,JOB,Sales,211257,47094.111,49979.17,48536.64,2885.059,82349,0.3898048348693771,36698.456,35181.041,35939.748,1517.415,128908,0.6101951651306229,0.747,0.734,0.74,0.013,2012
7,JOB,Science,62498,76780.906,76598.154,76689.53,-182.752,47312,0.7570162245191846,63752.477,64050.302,63901.39,-297.825,15186,0.24298377548081537,0.834,0.832,0.833,0.002,2012
8,JOB,Services,108383,35167.636,36796.548,35982.092,1628.912,57074,0.5265954992941697,27261.817,26518.36,26890.088,743.457,51309,0.47340450070583023,0.754,0.741,0.748,0.013,2012
9,JOB,Transport,54695,38811.789,38557.463,38684.626,-254.326,47415,0.8668982539537435,29456.463,29724.353,29590.408,-267.89,7280,0.13310174604625652,0.766,0.764,0.765,0.002,2012
0,RACE,Asian,47461,59117.847,63416.15,61266.998,4298.303,26010,0.548028907945471,54630.714,52091.647,53361.18,2539.067,21451,0.45197109205452896,0.881,0.861,0.871,0.02,2012
1,RACE,Black,81171,44315.146,42502.274,43408.71,-1812.872,37229,0.4586490248980547,36022.595,38345.105,37183.85,-2322.51,43942,0.5413509751019453,0.865,0.848,0.856,0.017,2012
2,RACE,Hispanic,111355,42177.251,38560.361,40368.806,-3616.89,66671,0.59872479906605,30983.445,34830.507,32906.976,-3847.062,44684,0.40127520093394997,0.826,0.804,0.815,0.022,2012
3,RACE,Mixed,13328,50727.622,50601.286,50664.454,-126.336,7319,0.5491446578631453,41365.654,42147.458,41756.556,-781.804,6009,0.45085534213685474,0.831,0.817,0.824,0.014,2012
4,RACE,Native,8099,43833.613,41702.175,42767.894,-2131.438,4127,0.5095690826027904,34922.716,36103.333,35513.024,-1180.617,3972,0.4904309173972095,0.824,0.837,0.83,-0.013,2012
5,RACE,White,654412,58303.566,59089.432,58696.499,785.866,372013,0.5684690989774026,44985.402,44806.059,44895.731,179.343,282399,0.4315309010225974,0.768,0.761,0.764,0.007,2012
0,AGE,18-22,22617,23929.197,23705.92,23817.558,-223.277,14488,0.6405800946190918,21206.025,21552.835,21379.43,-346.81,8129,0.3594199053809082,0.901,0.895,0.898,0.006,2012
1,AGE,23-28,96180,35456.444,34565.013,35010.728,-891.431,53196,0.5530879600748596,30015.489,32163.014,31089.252,-2147.525,42984,0.44691203992514034,0.907,0.868,0.888,0.039,2012
2,AGE,29-36,158613,50133.272,48466.182,49299.727,-1667.09,90446,0.5702306872702742,39451.596,41952.065,40701.83,-2500.469,68167,0.4297693127297258,0.837,0.814,0.825,0.023,2012
3,AGE,37-45,196151,59616.882,59375.794,59496.338,-241.088,112380,0.5729259601021662,45395.873,46295.82,45845.846,-899.947,83771,0.4270740398978338,0.777,0.765,0.771,0.012,2012
4,AGE,46-55,255651,61118.478,62189.618,61654.048,1071.14,140149,0.5482043880133464,46673.707,46066.317,46370.012,607.39,115502,0.4517956119866537,0.754,0.751,0.752,0.003,2012
5,AGE,56-70,186614,57856.505,62047.641,59952.073,4191.136,102710,0.5503874307393872,47655.784,45196.347,46426.066,2459.437,83904,0.4496125692606128,0.781,0.768,0.774,0.013,2012
0,DIV,East North Central,137461,52846.528,53016.518,52931.523,169.99,77379,0.5629160270913205,40568.85,40910.63,40739.74,-341.78,60082,0.43708397290867956,0.774,0.765,0.77,0.009,2012
1,DIV,East South Central,51532,49202.89,50496.08,49849.485,1293.19,28505,0.5531514398820151,38005.471,37478.131,37741.801,527.34,23027,0.44684856011798496,0.762,0.753,0.758,0.009,2012
2,DIV,Middle Atlantic,126151,58013.576,57798.635,57906.106,-214.941,69561,0.5514106110930551,44997.023,46963.298,45980.16,-1966.275,56590,0.44858938890694483,0.81,0.779,0.794,0.031,2012
3,DIV,Mountain,64144,52660.46,53985.506,53322.983,1325.046,37049,0.5775910451484161,42546.614,41594.002,42070.308,952.612,27095,0.4224089548515839,0.79,0.788,0.789,0.002,2012
4,DIV,New England,45916,62047.905,62981.184,62514.544,933.279,25224,0.5493509887620873,49275.626,49795.545,49535.586,-519.919,20692,0.45064901123791273,0.803,0.782,0.792,0.021,2012
5,DIV,Pacific,136766,58356.628,57082.683,57719.655,-1273.945,78665,0.5751795036778147,46307.61,47961.173,47134.392,-1653.563,58101,0.4248204963221853,0.822,0.811,0.816,0.011,2012
6,DIV,South Atlantic,182085,54610.135,55966.396,55288.266,1356.261,99462,0.5462393936897603,43871.374,43380.937,43626.156,490.437,82623,0.45376060631023973,0.794,0.784,0.789,0.01,2012
7,DIV,West North Central,65276,50469.305,50484.525,50476.915,15.22,36775,0.563377045162081,38490.102,38395.426,38442.764,94.676,28501,0.43662295483791896,0.761,0.762,0.762,-0.001,2012
8,DIV,West South Central,106495,52485.1,53705.923,53095.512,1220.823,60749,0.5704399267571247,39772.965,39509.923,39641.444,263.042,45746,0.42956007324287526,0.753,0.741,0.747,0.012,2012
0,SEX,Female,941671,55739.535,55885.617,55812.576,146.082,528594,0.5613361779220131,43361.864,44142.531,43752.198,-780.667,413077,0.4386638220779869,0.792,0.776,0.784,0.016,2013
0,EDU,B.S._Degree,222440,65062.454,69979.362,67520.908,4916.908,118156,0.5311814421866571,54592.965,51502.315,53047.64,3090.65,104284,0.4688185578133429,0.792,0.78,0.786,0.012,2013
1,EDU,Highschool,222402,41080.346,40336.224,40708.285,-744.122,137375,0.6176877905774228,30455.313,31109.84,30782.576,-654.527,85027,0.38231220942257715,0.757,0.755,0.756,0.002,2013
2,EDU,M.S._Degree,99582,74130.066,85239.023,79684.544,11108.957,47289,0.47487497740555523,68381.218,62546.356,65463.787,5834.862,52293,0.5251250225944448,0.844,0.802,0.823,0.042,2013
3,EDU,No_Highschool,61532,31291.553,32023.108,31657.33,731.555,42986,0.6985958525645193,24697.711,25480.062,25088.886,-782.351,18546,0.3014041474354807,0.814,0.771,0.792,0.043,2013
4,EDU,PhD_or_Prof,40306,104562.244,109961.129,107261.687,5398.885,24003,0.595519277526919,84994.264,83254.871,84124.568,1739.393,16303,0.4044807224730809,0.796,0.773,0.784,0.023,2013
5,EDU,Some_College,295409,48200.267,48394.502,48297.384,194.235,158785,0.537509012927839,37478.879,37457.742,37468.31,21.137,136624,0.46249098707216096,0.777,0.774,0.776,0.003,2013
0,JOB,Art,106738,55245.375,61647.683,58446.529,6402.308,38778,0.3633007925949521,51764.887,46977.083,49370.985,4787.804,67960,0.6366992074050479,0.85,0.84,0.845,0.01,2013
1,JOB,Business,172497,76786.62,79977.303,78381.962,3190.683,95314,0.5525545371803567,62152.906,60104.722,61128.814,2048.184,77183,0.44744546281964326,0.783,0.777,0.78,0.006,2013
2,JOB,Healthcare,58000,68249.042,95900.893,82074.968,27651.851,15429,0.2660172413793103,73661.425,58497.538,66079.481,15163.887,42571,0.7339827586206896,0.857,0.768,0.812,0.089,2013
3,JOB,Maintenance,86875,43078.892,42952.528,43015.71,-126.364,83599,0.9622906474820144,33860.821,34742.733,34301.777,-881.912,3276,0.037709352517985614,0.806,0.788,0.797,0.018,2013
4,JOB,Military,4732,43399.975,43199.032,43299.504,-200.943,4227,0.893279797125951,34508.143,35552.337,35030.24,-1044.194,505,0.10672020287404903,0.819,0.799,0.809,0.02,2013
5,JOB,Production,66614,40167.402,41112.495,40639.948,945.093,50103,0.7521391899600685,29997.14,29622.384,29809.762,374.756,16511,0.24786081003993155,0.737,0.73,0.734,0.007,2013
6,JOB,Sales,214078,47907.476,50323.867,49115.672,2416.391,84271,0.39364624108969626,37016.67,35682.608,36349.639,1334.062,129807,0.6063537589103037,0.745,0.736,0.74,0.009,2013
7,JOB,Science,67243,77904.537,77537.743,77721.14,-366.794,50908,0.7570750858825454,63433.585,64151.548,63792.566,-717.963,16335,0.2429249141174546,0.823,0.818,0.82,0.005,2013
8,JOB,Services,109827,35530.698,37180.099,36355.398,1649.401,57977,0.5278938694492247,27699.476,26997.459,27348.468,702.017,51850,0.4721061305507753,0.76,0.745,0.752,0.015,2013
9,JOB,Transport,55067,39325.052,38981.443,39153.248,-343.609,47988,0.8714475093976428,29564.34,29931.909,29748.124,-367.569,7079,0.12855249060235713,0.761,0.758,0.76,0.003,2013
0,RACE,Asian,50755,61627.239,65702.73,63664.984,4075.491,27869,0.5490887597281056,56303.493,53547.424,54925.458,2756.069,22886,0.4509112402718944,0.869,0.857,0.863,0.012,2013
1,RACE,Black,82314,45246.576,43046.704,44146.64,-2199.872,38045,0.4621935515222198,36631.354,39111.578,37871.466,-2480.224,44269,0.5378064484777803,0.864,0.851,0.857,0.013,2013
2,RACE,Hispanic,115164,42465.382,38981.053,40723.218,-3484.329,69669,0.6049546733354173,31342.318,35480.452,33411.385,-4138.134,45495,0.3950453266645827,0.836,0.804,0.82,0.032,2013
3,RACE,Mixed,14808,50923.187,50484.429,50703.808,-438.758,8053,0.543827660723933,41820.87,42844.898,42332.884,-1024.028,6755,0.456172339276067,0.841,0.828,0.834,0.013,2013
4,RACE,Native,7715,44757.446,43120.183,43938.814,-1637.263,3997,0.5180816591056384,35247.56,36555.949,35901.754,-1308.389,3718,0.48191834089436164,0.817,0.817,0.817,0.0,2013
5,RACE,White,670915,59212.638,59789.183,59500.91,576.545,380961,0.5678230476289843,45403.082,45654.939,45529.011,-251.857,289954,0.4321769523710157,0.771,0.759,0.765,0.012,2013
0,AGE,18-22,23406,23759.816,23750.824,23755.32,-8.992,14889,0.6361189438605486,21801.649,21847.865,21824.757,-46.216,8517,0.36388105613945143,0.92,0.918,0.919,0.002,2013
1,AGE,23-28,100955,36069.115,35228.413,35648.764,-840.702,55847,0.5531870635431628,29865.544,32370.354,31117.949,-2504.81,45108,0.44681293645683723,0.897,0.848,0.872,0.049,2013
2,AGE,29-36,166481,51151.28,49269.154,50210.217,-1882.126,95093,0.5711943104618545,39880.561,42715.969,41298.265,-2835.408,71388,0.4288056895381455,0.835,0.809,0.822,0.026,2013
3,AGE,37-45,198669,60672.57,60127.029,60399.8,-545.541,113906,0.5733456150682794,46017.459,47395.396,46706.428,-1377.937,84763,0.4266543849317206,0.781,0.765,0.773,0.016,2013
4,AGE,46-55,255912,62586.717,63277.734,62932.226,691.017,140783,0.5501226984275844,47714.283,47259.664,47486.974,454.619,115129,0.4498773015724155,0.755,0.754,0.754,0.001,2013
5,AGE,56-70,196248,58923.798,62709.242,60816.52,3785.444,108076,0.5507113448289919,47900.816,46276.401,47088.608,1624.415,88172,0.44928865517100813,0.785,0.764,0.774,0.021,2013
0,DIV,East North Central,142357,54085.319,54324.176,54204.748,238.857,80551,0.5658379988339175,41043.178,41788.07,41415.624,-744.892,61806,0.43416200116608245,0.773,0.756,0.764,0.017,2013
1,DIV,East South Central,53171,51184.129,51430.311,51307.22,246.182,29659,0.5578040661262719,38539.816,38358.084,38448.95,181.732,23512,0.4421959338737282,0.749,0.749,0.749,0.0,2013
2,DIV,Middle Atlantic,129119,59680.939,59509.836,59595.388,-171.103,71190,0.5513518537163392,47109.03,48365.399,47737.214,-1256.369,57929,0.4486481462836608,0.81,0.792,0.801,0.018,2013
3,DIV,Mountain,65277,53741.938,54657.849,54199.894,915.911,37868,0.5801124438929485,42484.383,42172.772,42328.578,311.611,27409,0.4198875561070515,0.785,0.777,0.781,0.008,2013
4,DIV,New England,46638,63369.731,63811.278,63590.504,441.547,25619,0.5493160084051631,49743.826,50791.003,50267.414,-1047.177,21019,0.45068399159483685,0.802,0.78,0.791,0.022,2013
5,DIV,Pacific,141741,58800.177,58005.028,58402.602,-795.149,81592,0.5756414869374422,47067.575,48871.649,47969.612,-1804.074,60149,0.4243585130625578,0.831,0.811,0.821,0.02,2013
6,DIV,South Atlantic,186646,55712.079,56644.454,56178.266,932.375,102142,0.5472498740932031,43920.053,44227.691,44073.872,-307.638,84504,0.4527501259067968,0.794,0.775,0.784,0.019,2013
7,DIV,West North Central,67375,51861.57,51403.33,51632.45,-458.24,37918,0.5627903525046383,38802.183,39370.873,39086.528,-568.69,29457,0.4372096474953618,0.759,0.755,0.757,0.004,2013
8,DIV,West South Central,109347,51676.633,52064.427,51870.53,387.794,62055,0.5675052813520262,39273.248,39914.603,39593.926,-641.355,47292,0.4324947186479739,0.772,0.754,0.763,0.018,2013
0,SEX,Female,950280,56259.717,56053.684,56156.7,-206.033,533636,0.5615565938460243,43825.559,44811.009,44318.284,-985.45,416644,0.43844340615397565,0.797,0.782,0.79,0.015,2014
0,EDU,B.S._Degree,225760,65473.976,70272.425,67873.2,4798.449,119250,0.5282158043940468,55578.207,52493.144,54035.676,3085.063,106510,0.47178419560595325,0.802,0.791,0.796,0.011,2014
1,EDU,Highschool,223674,41126.338,40666.019,40896.178,-460.319,139426,0.6233446891458104,30673.906,31257.151,30965.528,-583.245,84248,0.3766553108541896,0.76,0.754,0.757,0.006,2014
2,EDU,M.S._Degree,100893,75123.485,85594.751,80359.118,10471.266,47423,0.47003260880338577,69631.097,63542.436,66586.766,6088.661,53470,0.5299673911966143,0.846,0.813,0.829,0.033,2014
3,EDU,No_Highschool,61413,31702.193,32596.743,32149.468,894.55,43178,0.7030758959829352,25640.94,25764.345,25702.642,-123.405,18235,0.2969241040170648,0.813,0.787,0.8,0.026,2014
4,EDU,PhD_or_Prof,40262,102879.672,108149.896,105514.784,5270.224,23522,0.5842233371417217,86627.606,84399.653,85513.63,2227.953,16740,0.4157766628582783,0.82,0.801,0.81,0.019,2014
5,EDU,Some_College,298278,48636.728,48818.697,48727.712,181.969,160837,0.5392184472203783,37525.943,37583.863,37554.903,-57.92,137441,0.4607815527796217,0.773,0.769,0.771,0.004,2014
0,JOB,Art,108204,55918.153,61617.678,58767.916,5699.525,38796,0.358544970611068,52223.7,47503.085,49863.392,4720.615,69408,0.6414550293889321,0.85,0.848,0.849,0.002,2014
1,JOB,Business,176153,77190.634,79943.306,78566.97,2752.672,97050,0.5509415110727606,62265.012,60610.103,61437.558,1654.909,79103,0.4490584889272394,0.785,0.779,0.782,0.006,2014
2,JOB,Healthcare,61190,67706.572,92081.724,79894.148,24375.152,15994,0.26138257885275373,73150.988,58191.184,65671.086,14959.804,45196,0.7386174211472463,0.859,0.794,0.826,0.065,2014
3,JOB,Maintenance,87996,42837.898,43141.64,42989.769,303.742,84739,0.9629869539524524,34460.675,35043.996,34752.336,-583.321,3257,0.03701304604754761,0.818,0.799,0.808,0.019,2014
4,JOB,Military,4364,43512.905,43293.186,43403.046,-219.719,3887,0.8906966086159487,33398.267,34166.748,33782.508,-768.481,477,0.10930339138405133,0.785,0.771,0.778,0.014,2014
5,JOB,Production,67331,40687.597,41521.002,41104.3,833.405,50783,0.7542291069492507,30307.994,29921.394,30114.694,386.6,16548,0.24577089305074928,0.735,0.73,0.732,0.005,2014
6,JOB,Sales,210775,48213.673,50756.358,49485.016,2542.685,83725,0.397224528525679,37901.042,36441.944,37171.493,1459.098,127050,0.602775471474321,0.756,0.747,0.752,0.009,2014
7,JOB,Science,68266,78240.627,77995.293,78117.96,-245.334,51522,0.7547241672281956,64778.998,65233.731,65006.364,-454.733,16744,0.24527583277180443,0.834,0.831,0.832,0.003,2014
8,JOB,Services,109475,35580.989,37143.986,36362.488,1562.997,58135,0.5310344827586206,27536.892,26827.12,27182.006,709.772,51340,0.4689655172413793,0.754,0.741,0.748,0.013,2014
9,JOB,Transport,56526,39504.853,39393.024,39448.939,-111.829,49005,0.8669461840568942,29532.707,29729.043,29630.875,-196.336,7521,0.13305381594310584,0.753,0.75,0.752,0.003,2014
0,RACE,Asian,52252,61976.482,66276.223,64126.352,4299.741,28478,0.5450126310954605,57051.702,54200.864,55626.283,2850.838,23774,0.45498736890453956,0.875,0.861,0.868,0.014,2014
1,RACE,Black,84387,45263.479,42710.514,43986.996,-2552.965,39039,0.4626186497920296,36728.947,39442.59,38085.768,-2713.643,45348,0.5373813502079704,0.871,0.86,0.865,0.011,2014
2,RACE,Hispanic,120367,43472.312,39697.314,41584.813,-3774.998,72507,0.6023827128698065,31749.724,35767.52,33758.622,-4017.796,47860,0.3976172871301935,0.823,0.8,0.812,0.023,2014
3,RACE,Mixed,15001,51449.482,51322.73,51386.106,-126.752,8048,0.5364975668288781,42683.389,43693.559,43188.474,-1010.17,6953,0.46350243317112194,0.849,0.832,0.84,0.017,2014
4,RACE,Native,8004,43815.155,42065.797,42940.476,-1749.358,4189,0.5233633183408296,35766.84,37011.526,36389.183,-1244.686,3815,0.4766366816591704,0.845,0.85,0.847,-0.005,2014
5,RACE,White,670269,59913.907,60019.355,59966.631,105.448,381375,0.5689879734852723,45972.85,46509.067,46240.958,-536.217,288894,0.43101202651472764,0.776,0.766,0.771,0.01,2014
0,AGE,18-22,24480,24336.903,24349.536,24343.22,12.633,15485,0.6325571895424836,21748.36,21959.081,21853.72,-210.721,8995,0.36744281045751637,0.902,0.893,0.898,0.009,2014
1,AGE,23-28,103856,36316.683,35488.128,35902.405,-828.555,57532,0.553959328300724,30752.26,32756.61,31754.435,-2004.35,46324,0.4460406716992759,0.902,0.867,0.885,0.035,2014
2,AGE,29-36,169460,51104.993,49286.452,50195.722,-1818.541,96963,0.5721881269916205,40396.429,43232.163,41814.296,-2835.734,72497,0.4278118730083796,0.846,0.82,0.833,0.026,2014
3,AGE,37-45,197647,61700.414,60576.349,61138.382,-1124.065,112782,0.5706233841141024,46955.743,48448.397,47702.07,-1492.654,84865,0.4293766158858976,0.785,0.775,0.78,0.01,2014
4,AGE,46-55,252183,63073.33,63438.218,63255.774,364.888,139098,0.5515756414984356,47787.743,47967.414,47877.578,-179.671,113085,0.4484243585015643,0.761,0.753,0.757,0.008,2014
5,AGE,56-70,202654,60137.955,63148.575,61643.265,3010.62,111776,0.5515607883387449,48498.626,47152.54,47825.583,1346.086,90878,0.44843921166125517,0.784,0.768,0.776,0.016,2014
0,DIV,East North Central,142919,54476.751,54407.984,54442.367,-68.767,81023,0.566915525577425,41761.349,42466.374,42113.862,-705.025,61896,0.433084474422575,0.78,0.768,0.774,0.012,2014
1,DIV,East South Central,53420,51094.558,51298.409,51196.484,203.851,29684,0.555672032946462,38147.334,38491.59,38319.462,-344.256,23736,0.444327967053538,0.753,0.744,0.748,0.009,2014
2,DIV,Middle Atlantic,128925,59454.168,59000.511,59227.34,-453.657,70527,0.5470389761489238,46857.141,49001.726,47929.434,-2144.585,58398,0.4529610238510762,0.824,0.794,0.809,0.03,2014
3,DIV,Mountain,66626,53905.803,54406.171,54155.987,500.368,38842,0.5829856212289497,42871.424,42758.133,42814.778,113.291,27784,0.41701437877105035,0.793,0.788,0.79,0.005,2014
4,DIV,New England,47025,65333.411,65336.053,65334.732,2.642,25813,0.5489207868155237,51161.372,52140.073,51650.722,-978.701,21212,0.45107921318447636,0.798,0.783,0.79,0.015,2014
5,DIV,Pacific,144832,59141.171,58033.456,58587.314,-1107.715,83784,0.5784909412284578,47445.393,49523.15,48484.272,-2077.757,61048,0.4215090587715422,0.837,0.818,0.827,0.019,2014
6,DIV,South Atlantic,188581,56692.193,57076.161,56884.177,383.968,103148,0.5469692068660151,44654.306,44878.123,44766.214,-223.817,85433,0.45303079313398487,0.792,0.782,0.787,0.01,2014
7,DIV,West North Central,67339,51907.863,51508.127,51707.995,-399.736,37802,0.5613685976922734,39167.162,39943.092,39555.127,-775.93,29537,0.43863140230772657,0.769,0.76,0.764,0.009,2014
8,DIV,West South Central,110613,52793.855,52745.519,52769.687,-48.336,63013,0.5696708343503928,39969.568,40658.654,40314.111,-689.086,47600,0.4303291656496072,0.77,0.758,0.764,0.012,2014
0,SEX,Female,970532,57228.788,56867.978,57048.383,-360.81,544435,0.560965532305993,44572.022,45677.743,45124.882,-1105.721,426097,0.439034467694007,0.798,0.784,0.791,0.014,2015
0,EDU,B.S._Degree,233273,66276.465,71059.537,68668.001,4783.072,122739,0.5261603357439566,55939.267,53208.181,54573.724,2731.086,110534,0.47383966425604335,0.803,0.787,0.795,0.016,2015
1,EDU,Highschool,228044,41682.561,41452.256,41567.409,-230.305,142566,0.6251688270684604,31972.124,31928.67,31950.397,43.454,85478,0.3748311729315395,0.766,0.771,0.768,-0.005,2015
2,EDU,M.S._Degree,103801,76722.291,87139.52,81930.906,10417.229,48599,0.4681939480351827,70410.752,64485.104,67447.928,5925.648,55202,0.5318060519648173,0.841,0.808,0.824,0.033,2015
3,EDU,No_Highschool,62892,32663.129,33699.449,33181.289,1036.32,44198,0.7027602874769446,26282.764,26361.942,26322.353,-79.178,18694,0.2972397125230554,0.807,0.78,0.794,0.027,2015
4,EDU,PhD_or_Prof,40926,104260.72,108657.633,106459.176,4396.913,23435,0.5726188730880125,87295.925,85606.28,86451.103,1689.645,17491,0.4273811269119875,0.821,0.803,0.812,0.018,2015
5,EDU,Some_College,301596,49220.736,49470.989,49345.862,250.253,162898,0.5401198954893301,38141.559,38232.571,38187.065,-91.012,138698,0.4598801045106699,0.777,0.771,0.774,0.006,2015
0,JOB,Art,108892,56607.594,62570.52,59589.057,5962.926,38795,0.3562704330896668,53076.986,48277.743,50677.364,4799.243,70097,0.6437295669103332,0.853,0.848,0.85,0.005,2015
1,JOB,Business,181545,78727.552,81012.915,79870.234,2285.363,99256,0.5467294610151753,62895.548,61595.107,62245.328,1300.441,82289,0.4532705389848247,0.782,0.776,0.779,0.006,2015
2,JOB,Healthcare,61703,67993.952,90652.379,79323.166,22658.427,15694,0.2543474385362138,73588.753,59412.495,66500.624,14176.258,46009,0.7456525614637862,0.874,0.812,0.843,0.062,2015
3,JOB,Maintenance,91593,43731.321,43988.449,43859.885,257.128,88129,0.9621805159782952,35146.624,35636.101,35391.362,-489.477,3464,0.037819484021704715,0.815,0.799,0.807,0.016,2015
4,JOB,Military,4584,41916.91,43313.961,42615.436,1397.051,4011,0.875,34069.264,34219.07,34144.167,-149.806,573,0.125,0.816,0.787,0.802,0.029,2015
5,JOB,Production,68424,41040.968,42213.062,41627.015,1172.094,51522,0.7529814100315678,31104.411,30613.086,30858.748,491.325,16902,0.24701858996843212,0.746,0.737,0.742,0.009,2015
6,JOB,Sales,214421,49015.438,51105.023,50060.231,2089.585,85427,0.39840780520564684,38160.279,36929.69,37544.985,1230.589,128994,0.6015921947943532,0.753,0.747,0.75,0.006,2015
7,JOB,Science,70653,80605.286,79850.912,80228.099,-754.374,53240,0.7535419585863303,66268.524,67402.173,66835.348,-1133.649,17413,0.24645804141366962,0.836,0.83,0.833,0.006,2015
8,JOB,Services,110757,36164.291,37831.349,36997.82,1667.058,57932,0.5230549762091786,28191.585,27379.116,27785.35,812.469,52825,0.4769450237908213,0.757,0.745,0.751,0.012,2015
9,JOB,Transport,57960,40421.358,40370.2,40395.779,-51.158,50429,0.8700655624568668,30773.671,30906.613,30840.142,-132.942,7531,0.1299344375431332,0.765,0.762,0.764,0.003,2015
0,RACE,Asian,54015,64164.019,67793.06,65978.54,3629.041,29521,0.5465333703600852,58025.129,55792.825,56908.977,2232.304,24494,0.45346662963991485,0.87,0.856,0.863,0.014,2015
1,RACE,Black,85584,46349.412,43983.077,45166.244,-2366.335,39582,0.46249298934380256,37749.476,39973.533,38861.504,-2224.057,46002,0.5375070106561974,0.862,0.858,0.86,0.004,2015
2,RACE,Hispanic,126949,44059.154,40385.523,42222.338,-3673.631,75913,0.5979802912980803,32229.946,36298.162,34264.054,-4068.216,51036,0.40201970870191966,0.824,0.798,0.811,0.026,2015
3,RACE,Mixed,16046,53095.19,52149.106,52622.148,-946.084,8825,0.5499813037517138,43279.501,45081.995,44180.748,-1802.494,7221,0.45001869624828617,0.849,0.83,0.839,0.019,2015
4,RACE,Native,8014,44900.844,43285.299,44093.072,-1615.545,4167,0.5199650611429998,36408.308,37595.397,37001.852,-1187.089,3847,0.48003493885700027,0.837,0.841,0.839,-0.004,2015
5,RACE,White,679924,60908.558,60845.356,60876.957,-63.202,386427,0.5683385201875504,46785.246,47479.252,47132.249,-694.006,293497,0.4316614798124496,0.78,0.769,0.774,0.011,2015
0,AGE,18-22,26051,24473.177,24806.277,24639.727,333.1,16384,0.6289201950021113,22505.146,22109.755,22307.45,395.391,9667,0.37107980499788873,0.903,0.907,0.905,-0.004,2015
1,AGE,23-28,108693,37183.372,36352.888,36768.13,-830.484,60051,0.5524826805774061,31286.776,33415.535,32351.156,-2128.759,48642,0.44751731942259393,0.899,0.861,0.88,0.038,2015
2,AGE,29-36,174768,52578.532,50596.726,51587.629,-1981.806,99862,0.5713975098416186,41076.858,44234.634,42655.746,-3157.776,74906,0.4286024901583814,0.841,0.812,0.826,0.029,2015
3,AGE,37-45,198889,62750.204,61530.247,62140.226,-1219.957,113491,0.5706248208799883,47957.903,49443.6,48700.752,-1485.697,85398,0.42937517912001166,0.788,0.779,0.784,0.009,2015
4,AGE,46-55,252029,64152.302,64349.532,64250.917,197.23,138643,0.5501073289184975,48773.104,48996.131,48884.618,-223.027,113386,0.44989267108150255,0.764,0.758,0.761,0.006,2015
5,AGE,56-70,210102,61304.139,63911.868,62608.004,2607.729,116004,0.5521318216866093,49241.28,48170.17,48705.725,1071.11,94098,0.44786817831339065,0.786,0.77,0.778,0.016,2015
0,DIV,East North Central,145814,56062.158,55967.777,56014.968,-94.381,83170,0.5703841880752191,42551.915,43257.733,42904.824,-705.818,62644,0.4296158119247809,0.772,0.76,0.766,0.012,2015
1,DIV,East South Central,54482,51977.724,52602.257,52289.99,624.533,30407,0.5581109357218897,40187.633,39534.369,39861.001,653.264,24075,0.4418890642781102,0.761,0.764,0.762,-0.003,2015
2,DIV,Middle Atlantic,130853,60662.787,60139.768,60401.278,-523.019,71861,0.5491735000343897,47663.234,49902.479,48782.856,-2239.245,58992,0.45082649996561025,0.823,0.793,0.808,0.03,2015
3,DIV,Mountain,68292,55066.516,55625.434,55345.975,558.918,39597,0.579819012475839,43508.012,43311.169,43409.591,196.843,28695,0.42018098752416094,0.787,0.782,0.784,0.005,2015
4,DIV,New England,47678,67459.765,67203.225,67331.495,-256.54,26303,0.5516800201350728,52460.872,53738.955,53099.914,-1278.083,21375,0.4483199798649272,0.797,0.781,0.789,0.016,2015
5,DIV,Pacific,150026,60970.504,59664.106,60317.305,-1306.398,86314,0.5753269433298228,48406.862,50775.881,49591.372,-2369.019,63712,0.4246730566701772,0.833,0.811,0.822,0.022,2015
6,DIV,South Atlantic,190738,55342.994,54930.73,55136.862,-412.264,103575,0.5430223657582652,44207.611,45157.242,44682.426,-949.631,87163,0.4569776342417347,0.816,0.805,0.81,0.011,2015
7,DIV,West North Central,69014,54134.294,53049.524,53591.909,-1084.77,38712,0.5609296664444895,41019.738,41312.719,41166.228,-292.981,30302,0.43907033355551045,0.763,0.773,0.768,-0.01,2015
8,DIV,West South Central,113635,54380.364,54603.365,54491.864,223.001,64496,0.5675716108593303,40821.117,41581.214,41201.166,-760.097,49139,0.43242838914066967,0.765,0.748,0.756,0.017,2015
0,SEX,Female,984855,58064.796,57628.382,57846.589,-436.414,550616,0.5590833168334425,45688.42,46768.985,46228.702,-1080.565,434239,0.4409166831665575,0.805,0.793,0.799,0.012,2016
0,EDU,B.S._Degree,241050,67139.643,72032.358,69586.0,4892.715,126571,0.5250819332088779,57734.935,54491.62,56113.278,3243.315,114479,0.4749180667911222,0.812,0.802,0.807,0.01,2016
1,EDU,Highschool,227256,42010.902,41838.322,41924.612,-172.58,142130,0.6254180307670645,32386.277,32403.159,32394.718,-16.882,85126,0.3745819692329355,0.771,0.774,0.772,-0.003,2016
2,EDU,M.S._Degree,107947,77606.431,88324.138,82965.285,10717.707,50110,0.46420928789127996,71620.025,65780.797,68700.411,5839.228,57837,0.53579071210872,0.848,0.811,0.83,0.037,2016
3,EDU,No_Highschool,63438,33242.165,34329.268,33785.716,1087.103,44464,0.7009048204546171,26995.762,26790.509,26893.135,205.253,18974,0.2990951795453829,0.806,0.786,0.796,0.02,2016
4,EDU,PhD_or_Prof,41054,101922.523,105147.533,103535.028,3225.01,23184,0.5647196375505432,88444.047,86946.645,87695.346,1497.402,17870,0.43528036244945684,0.853,0.841,0.847,0.012,2016
5,EDU,Some_College,304110,50095.991,50423.324,50259.658,327.333,164157,0.5397948110880931,39026.292,38911.608,38968.95,114.684,139953,0.46020518891190687,0.777,0.774,0.776,0.003,2016
0,JOB,Art,111807,57239.947,62792.766,60016.356,5552.819,39439,0.35274177824286496,53097.566,48607.364,50852.465,4490.202,72368,0.6472582217571351,0.849,0.846,0.847,0.003,2016
1,JOB,Business,185706,79411.149,81286.294,80348.722,1875.145,101135,0.5445973743443938,65089.74,63972.843,64531.292,1116.897,84571,0.4554026256556062,0.806,0.801,0.804,0.005,2016
2,JOB,Healthcare,62941,67831.943,85280.739,76556.341,17448.796,15728,0.2498848127611573,73385.582,60517.023,66951.302,12868.559,47213,0.7501151872388427,0.892,0.861,0.876,0.031,2016
3,JOB,Maintenance,91893,44308.083,44608.417,44458.25,300.334,88415,0.9621516328773683,36480.271,36803.686,36641.978,-323.415,3478,0.03784836712263176,0.831,0.818,0.824,0.013,2016
4,JOB,Military,4607,44847.766,44205.415,44526.591,-642.351,4067,0.8827870631647493,33673.514,34582.651,34128.083,-909.137,540,0.1172129368352507,0.771,0.762,0.766,0.009,2016
5,JOB,Production,67319,42223.143,43269.877,42746.51,1046.734,50296,0.7471293394138356,31617.328,31179.489,31398.408,437.839,17023,0.25287066058616436,0.738,0.731,0.734,0.007,2016
6,JOB,Sales,215191,50097.152,52338.94,51218.046,2241.788,85598,0.39777685869762214,39032.118,37706.517,38369.318,1325.601,129593,0.6022231413023779,0.753,0.746,0.75,0.007,2016
7,JOB,Science,73344,82509.622,81871.438,82190.53,-638.184,55501,0.7567217495636999,67624.844,68390.551,68007.698,-765.707,17843,0.24327825043630016,0.829,0.826,0.827,0.003,2016
8,JOB,Services,113752,36664.077,38377.704,37520.89,1713.627,59913,0.5266984316759266,28611.045,27813.069,28212.057,797.976,53839,0.47330156832407344,0.759,0.746,0.752,0.013,2016
9,JOB,Transport,58295,40886.114,40949.323,40917.718,63.209,50524,0.8666952568830946,30966.094,31166.488,31066.291,-200.394,7771,0.1333047431169054,0.762,0.756,0.759,0.006,2016
0,RACE,Asian,55996,65188.325,69880.002,67534.164,4691.677,30478,0.5442888777769841,60830.081,57832.496,59331.288,2997.585,25518,0.4557111222230159,0.887,0.87,0.879,0.017,2016
1,RACE,Black,86708,47417.229,44648.933,46033.081,-2768.296,40431,0.4662891544032846,38265.211,40668.661,39466.936,-2403.45,46277,0.5337108455967154,0.858,0.857,0.857,0.001,2016
2,RACE,Hispanic,132054,44975.017,41405.444,43190.231,-3569.573,78591,0.595142896087964,32745.608,37103.344,34924.476,-4357.736,53463,0.404857103912036,0.825,0.791,0.808,0.034,2016
3,RACE,Mixed,17069,55059.026,53892.015,54475.52,-1167.011,9284,0.5439100123030054,44629.229,45708.081,45168.655,-1078.852,7785,0.45608998769699455,0.83,0.828,0.829,0.002,2016
4,RACE,Native,8370,47238.808,45672.094,46455.451,-1566.714,4298,0.5135005973715651,38015.096,38587.124,38301.11,-572.028,4072,0.4864994026284349,0.817,0.832,0.824,-0.015,2016
5,RACE,White,684658,61693.79,61531.061,61612.426,-162.729,387534,0.566025665368695,48007.293,48648.052,48327.672,-640.759,297124,0.43397433463130497,0.789,0.78,0.784,0.009,2016
0,AGE,18-22,27321,25260.705,25104.624,25182.664,-156.081,17014,0.6227444090626258,23060.718,22875.147,22967.933,185.571,10307,0.3772555909373742,0.906,0.919,0.913,-0.013,2016
1,AGE,23-28,112750,38572.752,37595.218,38083.985,-977.534,61817,0.5482660753880266,32242.327,34388.462,33315.395,-2146.135,50933,0.45173392461197337,0.892,0.858,0.875,0.034,2016
2,AGE,29-36,179084,53715.338,51857.409,52786.374,-1857.929,101931,0.5691798262267986,42549.331,45580.473,44064.902,-3031.142,77153,0.4308201737732014,0.849,0.821,0.835,0.028,2016
3,AGE,37-45,198972,63781.699,62331.398,63056.549,-1450.301,112966,0.5677482258810285,48627.253,50595.415,49611.334,-1968.162,86006,0.43225177411897153,0.793,0.78,0.786,0.013,2016
4,AGE,46-55,250115,65211.724,65294.508,65253.116,82.784,137521,0.549831077704256,50360.609,50478.545,50419.577,-117.936,112594,0.45016892229574396,0.774,0.771,0.772,0.003,2016
5,AGE,56-70,216613,61870.449,64283.96,63077.204,2413.511,119367,0.5510611089823787,50393.596,49049.573,49721.584,1344.023,97246,0.4489388910176213,0.793,0.784,0.788,0.009,2016
0,DIV,East North Central,147735,56082.839,55850.547,55966.693,-232.292,83580,0.5657427149964463,43304.075,44069.966,43687.02,-765.891,64155,0.43425728500355365,0.786,0.775,0.78,0.011,2016
1,DIV,East South Central,55062,52522.877,52648.067,52585.472,125.19,30426,0.552577094911191,39703.136,39879.248,39791.192,-176.112,24636,0.447422905088809,0.759,0.754,0.756,0.005,2016
2,DIV,Middle Atlantic,132050,62810.809,61850.713,62330.761,-960.096,72112,0.5460961756910261,49305.759,51260.385,50283.072,-1954.626,59938,0.45390382430897386,0.816,0.797,0.806,0.019,2016
3,DIV,Mountain,69714,54448.983,54907.086,54678.034,458.103,40214,0.5768425280431477,43916.015,44045.752,43980.884,-129.737,29500,0.42315747195685227,0.809,0.8,0.804,0.009,2016
4,DIV,New England,48716,66752.191,67264.802,67008.497,512.611,26705,0.5481771902455046,53258.605,54648.549,53953.577,-1389.944,22011,0.45182280975449546,0.819,0.792,0.806,0.027,2016
5,DIV,Pacific,153611,62377.296,61312.987,61845.142,-1064.309,88406,0.5755186803028429,49532.252,52133.149,50832.7,-2600.897,65205,0.4244813196971571,0.836,0.808,0.822,0.028,2016
6,DIV,South Atlantic,194542,56818.533,56517.785,56668.159,-300.748,106139,0.5455839870053767,45989.725,46383.093,46186.409,-393.368,88403,0.45441601299462325,0.816,0.814,0.815,0.002,2016
7,DIV,West North Central,69241,53688.965,52759.78,53224.372,-929.185,38859,0.5612137317485305,41562.971,42236.278,41899.624,-673.307,30382,0.4387862682514695,0.787,0.788,0.788,-0.001,2016
8,DIV,West South Central,114184,55197.074,54964.744,55080.909,-232.33,64175,0.5620314579976179,42231.693,42822.502,42527.098,-590.809,50009,0.4379685420023821,0.776,0.768,0.772,0.008,2016
0,SEX,Female,1015315,59496.834,58976.074,59236.454,-520.76,566631,0.558083944391642,46723.529,47985.33,47354.43,-1261.801,448684,0.441916055608358,0.807,0.792,0.8,0.015,2017
0,EDU,B.S._Degree,250806,68939.848,73892.738,71416.293,4952.89,131096,0.5226988190075198,59114.501,55748.867,57431.684,3365.634,119710,0.47730118099248026,0.809,0.8,0.804,0.009,2017
1,EDU,Highschool,233534,42764.191,42551.335,42657.763,-212.856,146880,0.6289448217390188,32885.253,32996.351,32940.802,-111.098,86654,0.3710551782609813,0.772,0.773,0.772,-0.001,2017
2,EDU,M.S._Degree,113225,78852.333,89525.148,84188.74,10672.815,52248,0.46145285935085006,73684.198,67656.854,70670.526,6027.344,60977,0.5385471406491499,0.858,0.823,0.84,0.035,2017
3,EDU,No_Highschool,62955,33853.697,35280.596,34567.146,1426.899,43875,0.6969263759828449,27370.286,27600.196,27485.241,-229.91,19080,0.3030736240171551,0.815,0.776,0.796,0.039,2017
4,EDU,PhD_or_Prof,43597,104209.368,107632.615,105920.992,3423.247,24346,0.5584329196963094,89687.917,88309.439,88998.678,1378.478,19251,0.44156708030369063,0.847,0.833,0.84,0.014,2017
5,EDU,Some_College,311198,50880.755,51340.892,51110.824,460.137,168186,0.540446918039319,39604.212,39473.039,39538.625,131.173,143012,0.45955308196068095,0.776,0.771,0.774,0.005,2017
0,JOB,Art,115043,58008.43,63752.166,60880.298,5743.736,40708,0.3538502994532479,54473.035,49916.572,52194.804,4556.463,74335,0.6461497005467521,0.861,0.854,0.857,0.007,2017
1,JOB,Business,193783,81272.028,83033.9,82152.964,1761.872,104895,0.5413013525438248,66175.391,65198.69,65687.04,976.701,88888,0.4586986474561752,0.802,0.797,0.8,0.005,2017
2,JOB,Healthcare,66247,69345.541,87872.758,78609.15,18527.217,16600,0.2505773846362854,74203.364,61560.461,67881.912,12642.903,49647,0.7494226153637146,0.888,0.844,0.866,0.044,2017
3,JOB,Maintenance,93962,45278.719,45470.927,45374.823,192.208,90196,0.9599199676464953,36491.419,37162.675,36827.047,-671.256,3766,0.04008003235350461,0.821,0.803,0.812,0.018,2017
4,JOB,Military,4672,44275.793,44558.07,44416.932,282.277,4111,0.8799229452054794,34793.293,35705.7,35249.496,-912.407,561,0.12007705479452055,0.806,0.781,0.794,0.025,2017
5,JOB,Production,68005,42933.627,44117.849,43525.738,1184.222,50924,0.7488272921108742,32645.18,32070.215,32357.698,574.965,17081,0.2511727078891258,0.747,0.74,0.744,0.007,2017
6,JOB,Sales,218803,51337.158,53470.266,52403.712,2133.108,87701,0.40082174376036894,39885.397,38615.859,39250.628,1269.538,131102,0.5991782562396311,0.752,0.746,0.749,0.006,2017
7,JOB,Science,77260,84311.679,83662.766,83987.222,-648.913,58144,0.7525757183536111,69615.32,70489.813,70052.566,-874.493,19116,0.24742428164638883,0.836,0.832,0.834,0.004,2017
8,JOB,Services,117355,37631.211,39520.926,38576.068,1889.715,61511,0.5241446891909165,29158.685,28335.457,28747.071,823.228,55844,0.47585531080908355,0.753,0.738,0.746,0.015,2017
9,JOB,Transport,60185,41230.074,41240.196,41235.135,10.122,51841,0.8613608041870898,31792.352,32093.256,31942.804,-300.904,8344,0.1386391958129102,0.778,0.771,0.774,0.007,2017
0,RACE,Asian,60137,66968.082,71701.093,69334.588,4733.011,32898,0.5470509004439862,62008.377,59129.834,60569.106,2878.543,27239,0.45294909955601376,0.883,0.865,0.874,0.018,2017
1,RACE,Black,87249,47077.522,44628.68,45853.101,-2448.842,40855,0.46825751584545383,38525.224,41269.08,39897.152,-2743.856,46394,0.5317424841545462,0.877,0.863,0.87,0.014,2017
2,RACE,Hispanic,139289,46382.191,42915.454,44648.822,-3466.737,82106,0.5894650690291409,34271.653,38251.854,36261.754,-3980.201,57183,0.41053493097085914,0.825,0.799,0.812,0.026,2017
3,RACE,Mixed,18511,56570.526,55441.887,56006.206,-1128.639,9917,0.5357355086164983,45792.61,47561.395,46677.002,-1768.785,8594,0.4642644913835017,0.841,0.826,0.833,0.015,2017
4,RACE,Native,8656,46337.777,44748.497,45543.137,-1589.28,4491,0.5188308687615527,37448.631,39167.681,38308.156,-1719.05,4165,0.48116913123844735,0.845,0.837,0.841,0.008,2017
5,RACE,White,701473,63438.256,62975.309,63206.782,-462.947,396364,0.565045269026748,49007.692,49968.184,49487.938,-960.492,305109,0.434954730973252,0.788,0.778,0.783,0.01,2017
0,AGE,18-22,29094,25859.707,25686.345,25773.026,-173.362,17990,0.6183405513164226,23100.087,23355.234,23227.66,-255.147,11104,0.3816594486835774,0.903,0.899,0.901,0.004,2017
1,AGE,23-28,117131,39437.523,38709.44,39073.482,-728.083,64034,0.54668704271286,33503.386,35592.019,34547.702,-2088.633,53097,0.45331295728714005,0.902,0.866,0.884,0.036,2017
2,AGE,29-36,187659,54862.988,53262.803,54062.896,-1600.185,106243,0.5661492387788488,43395.791,46597.837,44996.814,-3202.046,81416,0.4338507612211511,0.849,0.815,0.832,0.034,2017
3,AGE,37-45,204398,65642.05,63977.197,64809.624,-1664.853,115797,0.5665270697364945,49977.673,52191.443,51084.558,-2213.77,88601,0.43347293026350553,0.795,0.781,0.788,0.014,2017
4,AGE,46-55,253104,67249.48,67016.52,67133.0,-232.96,138928,0.5488968961375561,51499.614,51817.412,51658.513,-317.798,114176,0.4511031038624439,0.771,0.768,0.77,0.003,2017
5,AGE,56-70,223929,63347.935,65506.962,64427.448,2159.027,123639,0.5521348284500891,51452.79,50321.62,50887.205,1131.17,100290,0.4478651715499109,0.794,0.785,0.79,0.009,2017
0,DIV,East North Central,151219,57722.718,57125.578,57424.148,-597.14,85404,0.5647703000284355,44013.485,44998.249,44505.867,-984.764,65815,0.4352296999715644,0.78,0.77,0.775,0.01,2017
1,DIV,East South Central,56623,52640.581,52710.459,52675.52,69.878,31168,0.5504476979319358,40386.165,40730.466,40558.316,-344.301,25455,0.44955230206806424,0.774,0.766,0.77,0.008,2017
2,DIV,Middle Atlantic,135674,63824.805,63291.397,63558.101,-533.408,74175,0.5467149195866563,50006.794,52323.281,51165.038,-2316.487,61499,0.45328508041334376,0.82,0.79,0.805,0.03,2017
3,DIV,Mountain,72532,55806.341,56420.395,56113.368,614.054,41679,0.5746291292119341,45108.476,45155.121,45131.799,-46.645,30853,0.42537087078806596,0.809,0.8,0.804,0.009,2017
4,DIV,New England,49646,70280.371,69918.749,70099.56,-361.622,27112,0.5461064335495307,55401.511,57071.27,56236.39,-1669.759,22534,0.4538935664504693,0.812,0.792,0.802,0.02,2017
5,DIV,Pacific,158886,64468.396,63318.079,63893.238,-1150.317,91055,0.5730838462797225,51449.844,53982.074,52715.959,-2532.23,67831,0.4269161537202774,0.837,0.813,0.825,0.024,2017
6,DIV,South Atlantic,201428,57828.128,57346.422,57587.275,-481.706,109862,0.5454157316758346,46465.466,47299.799,46882.632,-834.333,91566,0.4545842683241655,0.818,0.81,0.814,0.008,2017
7,DIV,West North Central,71481,55378.369,54616.954,54997.662,-761.415,39929,0.5585959905429415,42718.615,43354.052,43036.334,-635.437,31552,0.44140400945705854,0.783,0.782,0.782,0.001,2017
8,DIV,West South Central,117826,56424.01,55969.271,56196.64,-454.739,66247,0.5622443263795767,43332.892,44092.226,43712.559,-759.334,51579,0.43775567362042334,0.781,0.774,0.778,0.007,2017
0,SEX,Female,1031904,60775.465,60002.861,60389.163,-772.604,575484,0.557691413154712,47419.645,49096.203,48257.924,-1676.558,456420,0.44230858684528795,0.808,0.79,0.799,0.018,2018
0,EDU,B.S._Degree,256506,69579.974,74756.028,72168.001,5176.054,133390,0.5200268219846709,59946.487,56705.537,58326.012,3240.95,123116,0.47997317801532907,0.815,0.802,0.808,0.013,2018
1,EDU,Highschool,236718,43993.514,43640.202,43816.858,-353.312,149897,0.6332302570991644,33084.551,33590.512,33337.531,-505.961,86821,0.3667697429008356,0.764,0.758,0.761,0.006,2018
2,EDU,M.S._Degree,116912,81032.152,91417.387,86224.77,10385.235,53599,0.45845593266730533,75231.179,69223.436,72227.308,6007.743,63313,0.5415440673326947,0.854,0.823,0.838,0.031,2018
3,EDU,No_Highschool,63067,35331.892,36614.576,35973.234,1282.684,43666,0.6923747760318392,28593.896,28761.879,28677.888,-167.983,19401,0.30762522396816083,0.814,0.781,0.798,0.033,2018
4,EDU,PhD_or_Prof,44333,103962.806,106501.344,105232.075,2538.538,24367,0.5496357115467033,91243.856,90633.675,90938.766,610.181,19966,0.4503642884532966,0.872,0.857,0.864,0.015,2018
5,EDU,Some_College,314368,51887.546,52318.083,52102.814,430.537,170565,0.5425647648615635,40040.303,40057.743,40049.023,-17.44,143803,0.4574352351384365,0.772,0.765,0.768,0.007,2018
0,JOB,Art,116099,59098.742,64951.54,62025.141,5852.798,40661,0.35022696147253635,55775.072,50949.119,53362.095,4825.953,75438,0.6497730385274636,0.862,0.859,0.86,0.003,2018
1,JOB,Business,197192,82595.354,84303.045,83449.2,1707.691,106635,0.5407673739299769,67095.644,66149.729,66622.687,945.915,90557,0.45923262607002313,0.801,0.796,0.798,0.005,2018
2,JOB,Healthcare,67789,69717.087,84617.58,77167.334,14900.493,16342,0.24107156028264173,74888.198,62820.308,68854.253,12067.89,51447,0.7589284397173582,0.901,0.885,0.893,0.016,2018
3,JOB,Maintenance,95709,46185.333,46943.219,46564.276,757.886,91762,0.9587604091569236,36357.074,36795.655,36576.364,-438.581,3947,0.04123959084307641,0.797,0.774,0.786,0.023,2018
4,JOB,Military,4711,46629.357,46077.426,46353.392,-551.931,4168,0.884737847590745,35692.643,36638.097,36165.37,-945.454,543,0.11526215240925494,0.786,0.775,0.78,0.011,2018
5,JOB,Production,68567,44255.96,45215.988,44735.974,960.028,51281,0.7478962182974317,33221.701,32858.289,33039.995,363.412,17286,0.2521037817025683,0.742,0.735,0.738,0.007,2018
6,JOB,Sales,209522,53236.893,55647.203,54442.048,2410.31,82626,0.39435476942755415,41426.183,39902.293,40664.238,1523.89,126896,0.6056452305724459,0.75,0.744,0.747,0.006,2018
7,JOB,Science,80731,85668.989,84902.52,85285.755,-766.469,60307,0.7470116807669916,70933.235,71889.162,71411.198,-955.927,20424,0.2529883192330084,0.839,0.835,0.837,0.004,2018
8,JOB,Services,120364,38682.745,40552.913,39617.829,1870.168,62460,0.5189259246950916,30098.188,29282.979,29690.584,815.209,57904,0.4810740753049084,0.757,0.742,0.75,0.015,2018
9,JOB,Transport,71220,41473.107,41318.388,41395.748,-154.719,59242,0.8318169053636619,31626.55,31919.304,31772.927,-292.754,11978,0.1681830946363381,0.77,0.765,0.768,0.005,2018
0,RACE,Asian,61566,70440.465,74363.483,72401.974,3923.018,33424,0.5428970535685281,64547.921,61979.823,63263.872,2568.098,28142,0.4571029464314719,0.88,0.868,0.874,0.012,2018
1,RACE,Black,86948,48856.998,45952.612,47404.805,-2904.386,41030,0.4718912453420435,39323.9,42421.498,40872.699,-3097.598,45918,0.5281087546579565,0.868,0.856,0.862,0.012,2018
2,RACE,Hispanic,143392,47771.954,44203.695,45987.824,-3568.259,84103,0.5865250502120063,35206.719,39184.499,37195.609,-3977.78,59289,0.41347494978799376,0.82,0.796,0.808,0.024,2018
3,RACE,Mixed,19512,59083.888,57567.445,58325.666,-1516.443,10394,0.5326978269782697,46764.39,48474.802,47619.596,-1710.412,9118,0.4673021730217302,0.82,0.812,0.816,0.008,2018
4,RACE,Native,8494,49187.604,45869.918,47528.761,-3317.686,4437,0.5223687308688486,37874.165,40162.547,39018.356,-2288.382,4057,0.4776312691311514,0.817,0.826,0.821,-0.009,2018
5,RACE,White,711992,64353.055,63766.319,64059.687,-586.736,402096,0.5647479185159384,49498.703,50946.769,50222.736,-1448.066,309896,0.43525208148406164,0.792,0.776,0.784,0.016,2018
0,AGE,18-22,30406,26231.103,26301.506,26266.304,70.403,18792,0.6180359139643491,23740.189,24160.368,23950.278,-420.179,11614,0.38196408603565085,0.921,0.903,0.912,0.018,2018
1,AGE,23-28,120944,40704.585,39725.44,40215.012,-979.145,65961,0.545384640825506,34334.719,36590.122,35462.42,-2255.403,54983,0.45461535917449397,0.899,0.864,0.882,0.035,2018
2,AGE,29-36,192635,56568.897,54686.329,55627.613,-1882.568,108896,0.5652970643963974,44572.551,48102.824,46337.688,-3530.273,83739,0.4347029356036027,0.85,0.815,0.832,0.035,2018
3,AGE,37-45,206214,66728.74,65101.211,65914.976,-1627.529,116480,0.5648501071702212,50910.858,53655.735,52283.296,-2744.877,89734,0.4351498928297788,0.804,0.782,0.793,0.022,2018
4,AGE,46-55,251111,68676.74,68197.196,68436.968,-479.544,137596,0.5479489150216438,52197.315,53105.95,52651.632,-908.635,113515,0.45205108497835617,0.773,0.765,0.769,0.008,2018
5,AGE,56-70,230594,64916.904,66487.105,65702.004,1570.201,127759,0.5540430366791851,51756.495,51003.137,51379.816,753.358,102835,0.4459569633208149,0.786,0.778,0.782,0.008,2018
0,DIV,East North Central,153492,57613.913,56886.543,57250.228,-727.37,86469,0.5633453209287781,44426.833,45890.178,45158.506,-1463.345,67023,0.43665467907122196,0.797,0.781,0.789,0.016,2018
1,DIV,East South Central,57701,55050.718,54112.381,54581.55,-938.337,31973,0.5541151799795497,40906.923,41839.684,41373.304,-932.761,25728,0.44588482002045027,0.76,0.756,0.758,0.004,2018
2,DIV,Middle Atlantic,137494,65440.515,64272.474,64856.494,-1168.041,75076,0.546031099538889,51503.904,54084.857,52794.38,-2580.953,62418,0.45396890046111105,0.826,0.801,0.814,0.025,2018
3,DIV,Mountain,74238,56611.624,56652.518,56632.071,40.894,42820,0.5767935558608799,45473.481,46288.314,45880.898,-814.833,31418,0.4232064441391201,0.818,0.803,0.81,0.015,2018
4,DIV,New England,50468,70466.643,70567.545,70517.094,100.902,27588,0.5466434176111595,55642.31,57666.117,56654.214,-2023.807,22880,0.45335658238884047,0.818,0.788,0.803,0.03,2018
5,DIV,Pacific,162513,67375.728,65830.531,66603.13,-1545.197,93065,0.5726618793573437,53511.043,55887.192,54699.118,-2376.149,69448,0.4273381206426563,0.829,0.813,0.821,0.016,2018
6,DIV,South Atlantic,205518,59382.056,58927.366,59154.711,-454.69,111925,0.544599499800504,46969.775,48331.319,47650.547,-1361.544,93593,0.4554005001994959,0.814,0.797,0.806,0.017,2018
7,DIV,West North Central,71261,55408.268,54186.777,54797.522,-1221.491,39730,0.5575279605955572,41925.498,43574.163,42749.83,-1648.665,31531,0.4424720394044428,0.786,0.774,0.78,0.012,2018
8,DIV,West South Central,119219,57307.735,56985.936,57146.836,-321.799,66838,0.5606321140086731,43209.661,44445.9,43827.78,-1236.239,52381,0.43936788599132687,0.776,0.758,0.767,0.018,2018
